frame,timestamp,left_eye_x,left_eye_y,right_eye_x,right_eye_y,target_x,target_y,is_moving,eye_sync_score,movement_phase,reaction_detected,reaction_time
0,1.7361719608306885,1217,565,990,556,1065,674,True,1.0,1,False,
1,1.8258259296417236,1017,284,792,263,1038,659,True,0.999705079176725,1,False,
2,1.8862109184265137,987,173,757,147,1017,648,True,0.9995773782074727,1,False,
3,1.924865961074829,990,136,761,107,1002,640,True,0.9998239509348397,1,False,
4,1.9900059700012207,1046,245,817,222,975,626,True,0.9998094850551962,1,False,
5,2.0243921279907227,1012,139,783,111,960,617,True,0.9893591353648532,1,False,
6,2.0569260120391846,1018,94,789,64,944,609,True,0.9647638212377322,1,False,
7,2.0935399532318115,1021,82,795,51,927,600,True,0.9996047992800421,1,False,
8,2.1253201961517334,1020,85,796,54,910,591,True,0.9915378914595432,1,False,
9,2.1600968837738037,1011,102,790,72,892,581,True,1.0,1,False,
10,2.2246129512786865,996,113,778,84,855,561,True,0.9999960325568386,1,False,
11,2.259873867034912,984,116,767,88,834,550,True,0.9978983626048055,1,False,
12,2.3232359886169434,980,108,764,81,794,529,True,1.0,1,False,
13,2.389600992202759,983,100,767,72,750,505,True,0.9832820049844603,1,False,
14,2.4275031089782715,986,93,772,65,723,490,True,0.997458699830735,1,False,
15,2.4926681518554688,992,101,779,73,675,464,True,0.9908783423839451,1,False,
16,2.525919198989868,995,115,783,87,650,451,True,1.0,1,False,
17,2.558274030685425,998,130,787,102,626,438,True,0.9750114729732932,1,False,
18,2.5947020053863525,998,139,788,112,600,424,True,1.0,1,False,
19,2.6703810691833496,998,144,789,118,548,396,True,1.0,1,False,
20,2.7285540103912354,999,141,788,115,511,376,True,0.997630328422983,1,False,
21,2.796128988265991,999,130,785,103,471,355,True,0.9748585065718672,1,False,
22,2.8300840854644775,1000,114,784,87,452,344,True,0.9922778767136677,1,False,
23,2.894395112991333,1003,92,783,65,418,326,True,0.9925412988599238,1,False,
24,2.9588940143585205,1007,67,783,41,386,309,True,0.9798040587804068,1,False,
25,3.0260021686553955,1008,51,781,22,356,293,True,0.49613893835683387,1,False,
26,3.092787027359009,1011,52,782,23,329,278,True,0.9992214058036492,1,False,
27,3.126457929611206,1013,62,784,34,316,271,True,0.9999903817946606,1,False,
28,3.160327196121216,1014,86,785,57,304,265,True,0.9985397337140082,1,False,
29,3.225694179534912,1019,123,792,94,284,254,True,0.9998927479436208,1,False,
30,3.2594001293182373,1029,161,804,135,274,248,True,0.9958621106686816,1,False,
31,3.2935688495635986,1041,191,818,167,265,244,True,0.9996349698728535,1,False,
32,3.328127861022949,1055,218,834,195,256,239,True,0.9994801143396996,1,False,
33,3.3603639602661133,1070,242,852,221,249,235,True,0.9963761297811373,1,False,
34,3.3921830654144287,1082,262,866,241,243,232,True,0.9973436605782894,1,False,
35,3.427755832672119,1091,282,876,262,236,228,True,0.999520667516273,1,False,
36,3.4613988399505615,1094,302,881,282,231,225,True,0.9863939238321439,1,False,
37,3.527616024017334,1093,323,881,303,223,221,True,0.9969707141834738,1,False,
38,3.5642127990722656,1089,341,877,321,219,219,True,1.0,1,False,
39,3.627794027328491,1081,354,871,334,216,217,True,0.9899494936611665,1,False,
40,3.6624841690063477,1073,362,865,342,215,217,True,1.0,1,False,
41,3.7262330055236816,1065,367,858,346,1122,705,False,0.9991680531005775,1,False,
42,3.7638309001922607,1057,368,851,346,1122,705,False,0.8574929257125442,1,False,
43,3.8305280208587646,1047,367,842,345,1122,705,False,1.0,1,False,
44,3.890045166015625,1038,366,833,343,1122,705,False,0.9995120760870788,1,False,
45,3.926522970199585,1030,365,825,341,1122,705,False,1.0,1,False,
46,3.9924840927124023,1023,365,818,340,1122,705,False,1.0,1,False,
47,4.060052156448364,1018,366,815,341,1122,705,False,0.9883010638926968,1,False,
48,4.0971550941467285,1017,367,814,343,1122,705,False,1.0,1,False,
49,4.132052898406982,1015,371,814,347,1122,705,False,1.0,1,False,
50,4.195860862731934,1015,374,815,351,1122,705,False,1.0,1,False,
51,4.230804920196533,1015,377,816,354,1122,705,False,1.0,1,False,
52,4.293845891952515,1015,378,816,354,1122,705,False,1.0,1,False,
53,4.332363843917847,1016,378,816,353,1122,705,False,1.0,1,False,
54,4.395106077194214,1017,376,817,351,1122,705,False,1.0,1,False,
55,4.431416988372803,1018,375,819,349,1122,705,False,1.0,1,False,
56,4.464254856109619,1020,374,821,348,1122,705,False,1.0,1,False,
57,4.5277040004730225,1020,373,822,347,1122,705,False,1.0,1,False,
58,4.564201831817627,1022,373,824,346,1122,705,False,1.0,1,False,
59,4.630529880523682,1022,372,824,345,1122,705,False,1.0,1,False,
60,4.694145917892456,1023,372,825,345,215,217,True,1.0,2,False,
61,4.731432199478149,1023,373,825,345,216,217,True,1.0,2,False,
62,4.7664690017700195,1022,375,824,348,219,219,True,1.0,2,False,
63,4.831519842147827,1021,379,823,352,230,225,True,1.0,2,True,0.1373739242553711
64,4.895302057266235,1020,383,823,356,248,234,True,1.0,2,True,0.2011561393737793
65,4.930948972702026,1020,385,823,359,261,241,True,1.0,2,True,0.2368030548095703
66,4.968348026275635,1020,387,822,360,277,249,True,1.0,2,False,
67,5.02996301651001,1019,387,821,359,308,265,True,1.0,2,False,
68,5.065765142440796,1019,384,820,356,329,276,True,1.0,2,False,
69,5.1302618980407715,1018,383,819,354,372,298,True,1.0,2,False,
70,5.167087078094482,1017,382,817,353,400,312,True,1.0,2,False,
71,5.2332799434661865,1016,381,816,352,456,341,True,1.0,2,False,
72,5.269154071807861,1016,381,817,351,489,358,True,1.0,2,False,
73,5.335837125778198,1017,380,817,350,557,393,True,1.0,2,False,
74,5.402247190475464,1017,379,816,349,631,431,True,1.0,2,False,
75,5.466361999511719,1017,378,817,348,710,472,True,1.0,2,False,
76,5.53059196472168,1017,377,817,347,789,513,True,1.0,2,False,
77,5.567584991455078,1017,377,816,347,831,534,True,1.0,2,False,
78,5.6328558921813965,1017,376,817,347,900,570,True,1.0,2,False,
79,5.695549011230469,1017,377,818,349,960,601,True,1.0,2,False,
80,5.732439041137695,1017,378,818,350,992,617,True,1.0,2,False,
81,5.7647929191589355,1017,379,818,351,1018,631,True,1.0,2,False,
82,5.834862947463989,1017,380,819,352,1069,657,True,1.0,2,False,
83,5.868181943893433,1017,382,818,353,1090,668,True,1.0,2,False,
84,5.934897184371948,1017,383,818,353,1128,687,True,1.0,2,False,
85,5.99627685546875,1016,383,817,354,1155,702,True,1.0,2,False,
86,6.033663988113403,1016,384,817,354,1169,709,True,1.0,2,False,
87,6.067337989807129,1016,384,817,353,1180,714,True,1.0,2,False,
88,6.1663689613342285,1016,384,818,353,1199,724,True,1.0,2,False,
89,6.233770847320557,1017,384,819,353,1203,726,True,1.0,2,False,
90,6.267833948135376,1017,383,820,353,215,217,False,1.0,2,False,
91,6.330814838409424,1018,382,820,352,215,217,False,1.0,2,False,
92,6.366706132888794,1018,380,821,351,215,217,False,1.0,2,False,
93,6.432936191558838,1018,379,821,350,215,217,False,1.0,2,False,
94,6.469120025634766,1017,378,821,350,215,217,False,1.0,2,False,
95,6.531578063964844,1018,378,821,349,215,217,False,1.0,2,False,
96,6.567800998687744,1017,379,821,349,215,217,False,1.0,2,False,
97,6.630475997924805,1017,379,820,349,215,217,False,1.0,2,False,
98,6.666733026504517,1016,379,819,348,215,217,False,1.0,2,False,
99,6.732925176620483,1016,379,818,347,215,217,False,1.0,2,False,
100,6.768339157104492,1014,380,817,347,215,217,False,1.0,2,False,
101,6.833237886428833,1014,380,816,347,215,217,False,1.0,2,False,
102,6.868480920791626,1014,382,816,348,215,217,False,1.0,2,False,
103,6.931048154830933,1014,382,816,349,215,217,False,1.0,2,False,
104,6.976012945175171,1013,382,815,349,215,217,False,1.0,2,False,
105,7.030426025390625,1013,382,815,349,215,217,False,1.0,2,False,
106,7.06986403465271,1013,382,814,349,215,217,False,1.0,2,False,
107,7.1686530113220215,1013,382,814,349,215,217,False,1.0,2,False,
108,7.236058950424194,1012,382,813,349,215,217,False,1.0,2,False,
109,7.29804801940918,1012,382,813,349,215,217,False,1.0,2,False,
110,7.33404803276062,1012,381,813,349,215,217,False,1.0,2,False,
111,7.369623899459839,1012,381,813,348,215,217,False,1.0,2,False,
112,7.436192989349365,1012,380,814,348,215,217,False,1.0,2,False,
113,7.470205068588257,1013,381,814,348,215,217,False,1.0,2,False,
114,7.535967111587524,1013,381,814,348,215,217,False,1.0,2,False,
115,7.571721076965332,1013,381,814,348,215,217,False,1.0,2,False,
116,7.635617971420288,1013,382,815,349,1204,727,True,1.0,3,False,
117,7.700040102005005,1014,382,816,350,1200,725,True,1.0,3,False,
118,7.735810995101929,1015,382,816,351,1195,724,True,1.0,3,False,
119,7.7972252368927,1015,382,817,351,1180,720,True,1.0,3,False,
120,7.836820840835571,1016,383,819,352,1168,716,True,1.0,3,False,
121,7.900651931762695,1017,383,819,353,1141,708,True,1.0,3,False,
122,7.9372570514678955,1018,384,821,354,1123,703,True,1.0,3,False,
123,7.970621109008789,1018,385,822,355,1104,698,True,1.0,3,False,
124,8.034749031066895,1019,386,823,355,1062,686,True,1.0,3,False,
125,8.070192098617554,1020,386,824,356,1036,678,True,1.0,3,False,
126,8.136961936950684,1020,387,825,356,980,662,True,1.0,3,False,
127,8.1705162525177,1020,387,825,356,949,653,True,1.0,3,False,
128,8.202764987945557,1020,388,825,357,918,644,True,1.0,3,False,
129,8.235811948776245,1021,389,825,358,883,634,True,1.0,3,False,
130,8.270544052124023,1020,389,825,358,845,623,True,1.0,3,False,
131,8.33541488647461,1020,389,825,359,768,601,True,1.0,3,False,
132,8.369261026382446,1019,389,825,358,725,588,True,1.0,3,False,
133,8.437117099761963,1019,389,824,358,635,562,True,1.0,3,False,
134,8.492944955825806,1018,388,824,357,566,542,True,1.0,3,False,
135,8.537439107894897,1018,387,824,356,515,527,True,1.0,3,False,
136,8.570442914962769,1018,387,823,356,479,517,True,1.0,3,False,
137,8.63602089881897,1016,386,822,355,414,498,True,1.0,3,False,
138,8.702686071395874,1015,385,820,354,356,481,True,1.0,3,False,
139,8.737849950790405,1015,386,819,353,329,474,True,1.0,3,False,
140,8.801980018615723,1014,386,817,353,284,461,True,1.0,3,False,
141,8.836022853851318,1013,387,816,353,263,455,True,1.0,3,False,
142,8.87100601196289,1013,387,815,353,244,449,True,1.0,3,False,
143,8.937533140182495,1013,388,815,354,214,440,True,1.0,3,False,
144,8.970866203308105,1013,388,815,354,202,437,True,1.0,3,False,
145,9.006718158721924,1013,388,815,354,191,434,True,1.0,3,False,
146,9.038552045822144,1012,388,815,355,183,431,True,1.0,3,False,
147,9.075359106063843,1012,389,814,355,176,429,True,1.0,3,False,
148,9.137027978897095,1012,390,815,356,170,428,True,1.0,3,False,
149,9.171483039855957,1012,390,815,356,1204,727,False,1.0,3,False,
150,9.237215995788574,1012,391,815,357,1204,727,False,1.0,3,False,
151,9.27138900756836,1013,392,814,358,1204,727,False,1.0,3,False,
152,9.304916858673096,1013,393,814,359,1204,727,False,1.0,3,False,
153,9.339455842971802,1013,393,814,360,1204,727,False,1.0,3,False,
154,9.4030601978302,1013,394,815,360,1204,727,False,1.0,3,False,
155,9.438289165496826,1013,395,816,361,1204,727,False,1.0,3,False,
156,9.476713180541992,1015,395,819,362,1204,727,False,1.0,3,False,
157,9.535710096359253,1017,396,821,363,1204,727,False,1.0,3,False,
158,9.571424007415771,1019,396,824,364,1204,727,False,1.0,3,False,
159,9.63549518585205,1021,397,827,365,1204,727,False,1.0,3,False,
160,9.67403507232666,1022,398,828,365,1204,727,False,1.0,3,False,
161,9.737571001052856,1023,398,829,365,1204,727,False,1.0,3,False,
162,9.773037910461426,1023,399,830,365,1204,727,False,1.0,3,False,
163,9.839236974716187,1024,399,831,365,1204,727,False,1.0,3,False,
164,9.90595817565918,1025,399,831,365,1204,727,False,1.0,3,False,
165,9.972618818283081,1025,399,832,366,1204,727,False,1.0,3,False,
166,10.009805917739868,1026,400,833,366,1204,727,False,1.0,3,False,
167,10.072879076004028,1027,400,833,366,1204,727,False,1.0,3,False,
168,10.139402866363525,1027,401,834,367,1204,727,False,1.0,3,False,
169,10.173603057861328,1027,401,834,366,1204,727,False,1.0,3,False,
170,10.209649085998535,1028,400,834,366,1204,727,False,1.0,3,False,
171,10.271401166915894,1027,400,834,366,170,428,True,1.0,4,False,
172,10.307163000106812,1028,401,835,366,171,427,True,1.0,4,False,
173,10.339562892913818,1028,401,835,366,174,426,True,1.0,4,False,
174,10.374368906021118,1028,402,835,366,179,425,True,1.0,4,False,
175,10.439688205718994,1029,403,835,367,194,421,True,1.0,4,False,
176,10.472541093826294,1029,404,836,367,205,418,True,1.0,4,False,
177,10.50731110572815,1029,404,836,368,218,415,True,1.0,4,False,
178,10.54252004623413,1029,404,835,368,234,410,True,1.0,4,False,
179,10.578184127807617,1028,404,834,368,252,406,True,1.0,4,False,
180,10.645193815231323,1027,402,833,367,292,395,True,1.0,4,False,
181,10.70817494392395,1025,402,831,367,337,383,True,1.0,4,False,
182,10.773468017578125,1025,402,829,366,391,369,True,1.0,4,False,
183,10.807196140289307,1024,402,828,367,422,361,True,1.0,4,False,
184,10.840006113052368,1023,402,828,367,453,353,True,1.0,4,False,
185,10.87454605102539,1023,403,827,368,489,343,True,1.0,4,False,
186,10.90688705444336,1024,403,828,368,524,334,True,1.0,4,False,
187,10.941783905029297,1023,404,828,368,564,323,True,1.0,4,False,
188,11.006839990615845,1023,405,828,368,644,302,True,1.0,4,False,
189,11.074949026107788,1024,405,828,369,737,278,True,1.0,4,False,
190,11.143881797790527,1024,406,829,370,830,253,True,1.0,4,False,
191,11.210801124572754,1025,407,829,371,913,231,True,1.0,4,False,
192,11.273360967636108,1025,407,830,371,984,213,True,1.0,4,False,
193,11.309370040893555,1026,407,830,372,1021,203,True,1.0,4,False,
194,11.341961145401001,1026,407,831,372,1053,195,True,1.0,4,False,
195,11.407518148422241,1027,407,832,372,1112,179,True,1.0,4,False,
196,11.442752838134766,1027,407,834,371,1140,172,True,1.0,4,False,
197,11.510808944702148,1028,407,835,371,1189,159,True,1.0,4,False,
198,11.574718952178955,1029,407,837,371,1227,149,True,1.0,4,False,
199,11.607615947723389,1030,407,837,371,1244,144,True,1.0,4,False,
200,11.643859148025513,1030,407,838,371,1261,140,True,1.0,4,False,
201,11.709619045257568,1031,406,839,371,1285,134,True,1.0,4,False,
202,11.77399492263794,1032,407,840,371,1301,129,True,1.0,4,False,
203,11.809158086776733,1032,407,841,371,1307,128,True,1.0,4,False,
204,11.842949151992798,1033,407,842,372,1310,127,True,1.0,4,False,
205,11.910409927368164,1034,407,843,372,170,428,False,1.0,4,False,
206,11.973810195922852,1034,407,843,371,170,428,False,1.0,4,False,
207,12.046255111694336,1034,407,844,371,170,428,False,1.0,4,False,
208,12.112011909484863,1035,406,845,371,170,428,False,1.0,4,False,
209,12.153048038482666,1035,405,845,370,170,428,False,1.0,4,False,
210,12.219258069992065,1034,405,843,369,170,428,False,0.9805806756909202,4,False,
211,12.275224924087524,1032,405,841,368,170,428,False,1.0,4,False,
212,12.309610843658447,1031,405,838,368,170,428,False,1.0,4,False,
213,12.343263864517212,1029,405,836,368,170,428,False,1.0,4,False,
214,12.375459909439087,1027,405,833,367,170,428,False,1.0,4,False,
215,12.412542819976807,1027,405,833,368,170,428,False,1.0,4,False,
216,12.474404096603394,1027,406,832,368,170,428,False,1.0,4,False,
217,12.51453709602356,1026,406,832,368,170,428,False,1.0,4,False,
218,12.57550311088562,1026,406,832,368,170,428,False,1.0,4,False,
219,12.61176586151123,1026,405,831,368,170,428,False,1.0,4,False,
220,12.676293134689331,1026,405,831,368,170,428,False,1.0,4,False,
221,12.713304042816162,1026,406,831,368,170,428,False,1.0,4,False,
222,12.746576070785522,1026,406,831,369,170,428,False,1.0,4,False,
223,12.813022136688232,1026,406,831,368,170,428,False,1.0,4,False,
224,12.87403416633606,1026,406,831,369,170,428,False,1.0,4,False,
225,12.912775993347168,1025,406,831,369,170,428,False,1.0,4,False,
226,12.94660496711731,1026,405,831,368,170,428,False,1.0,4,False,
227,13.013453006744385,1026,405,831,367,170,428,False,1.0,4,False,
228,13.075217008590698,1025,405,830,367,170,428,False,1.0,4,False,
229,13.110821962356567,1025,405,830,367,170,428,False,1.0,4,False,
230,13.145085096359253,1025,405,830,367,170,428,False,1.0,4,False,
231,13.177119970321655,1025,405,829,367,170,428,False,1.0,4,False,
232,13.211211919784546,1024,405,829,368,170,428,False,1.0,4,False,
233,13.244575262069702,1024,405,829,368,170,428,False,1.0,4,False,
234,13.278378963470459,1024,406,829,369,170,428,False,1.0,4,False,
235,13.311563968658447,1024,406,829,368,1312,127,True,1.0,5,False,
236,13.344112157821655,1024,406,829,369,1311,127,True,1.0,5,False,
237,13.412528991699219,1025,406,830,369,1304,132,True,1.0,5,False,
238,13.447571039199829,1025,406,830,369,1297,136,True,1.0,5,False,
239,13.51429796218872,1025,406,830,369,1280,147,True,1.0,5,False,
240,13.576173067092896,1025,406,831,369,1257,162,True,1.0,5,False,
241,13.610619068145752,1025,406,831,369,1242,171,True,1.0,5,False,
242,13.64631700515747,1026,406,833,369,1225,183,True,1.0,5,False,
243,13.711750984191895,1027,406,834,369,1187,207,True,1.0,5,False,
244,13.746885061264038,1028,406,836,370,1165,221,True,1.0,5,False,
245,13.77973484992981,1029,406,838,369,1142,236,True,1.0,5,False,
246,13.814218997955322,1031,406,840,369,1116,253,True,1.0,5,False,
247,13.848520040512085,1032,406,841,369,1088,271,True,1.0,5,False,
248,13.920258045196533,1032,406,841,369,1025,312,True,1.0,5,False,
249,13.976762056350708,1032,406,841,369,969,348,True,1.0,5,False,
250,14.011055946350098,1032,406,842,369,933,371,True,1.0,5,False,
251,14.050459146499634,1032,406,841,369,889,400,True,1.0,5,False,
252,14.107348203659058,1032,406,841,369,823,442,True,1.0,5,False,
253,14.146970987319946,1032,406,840,369,780,469,True,1.0,5,False,
254,14.180568933486938,1032,407,839,369,746,492,True,1.0,5,False,
255,14.249135971069336,1031,407,838,370,681,534,True,1.0,5,False,
256,14.330417156219482,1030,408,836,371,613,577,True,1.0,5,False,
257,14.379815101623535,1029,410,835,372,577,601,True,1.0,5,False,
258,14.414535999298096,1028,412,834,373,554,616,True,1.0,5,False,
259,14.450326919555664,1027,413,834,374,532,630,True,1.0,5,False,
260,14.514439105987549,1026,414,832,375,498,652,True,1.0,5,False,
261,14.547845125198364,1025,416,832,376,483,662,True,1.0,5,False,
262,14.613684177398682,1025,416,831,376,458,678,True,1.0,5,False,
263,14.64979100227356,1025,416,830,377,447,685,True,1.0,5,False,
264,14.71992301940918,1024,417,829,378,431,695,True,1.0,5,False,
265,14.779778957366943,1025,416,830,377,424,699,True,1.0,5,False,
266,14.814817905426025,1025,415,829,377,423,700,True,1.0,5,False,
267,14.851958990097046,1025,415,829,377,1312,127,False,1.0,5,False,
268,14.884586811065674,1024,414,830,376,1312,127,False,1.0,5,False,
269,14.917363166809082,1025,414,830,376,1312,127,False,1.0,5,False,
270,14.978677988052368,1025,414,830,376,1312,127,False,1.0,5,False,
271,15.012404918670654,1024,413,830,375,1312,127,False,1.0,5,False,
272,15.048404932022095,1024,413,830,375,1312,127,False,1.0,5,False,
273,15.080499172210693,1024,413,830,375,1312,127,False,1.0,5,False,
274,15.113511085510254,1025,412,831,375,1312,127,False,1.0,5,False,
275,15.149354934692383,1026,411,833,374,1312,127,False,1.0,5,False,
276,15.18446397781372,1028,410,835,373,1312,127,False,1.0,5,False,
277,15.254086017608643,1030,408,838,371,1312,127,False,1.0,5,False,
278,15.318104982376099,1032,407,840,370,1312,127,False,1.0,5,False,
279,15.381471872329712,1033,406,843,369,1312,127,False,1.0,5,False,
280,15.416974067687988,1034,406,843,369,1312,127,False,1.0,5,False,
281,15.453207969665527,1035,405,843,368,1312,127,False,1.0,5,False,
282,15.517385959625244,1035,406,844,368,1312,127,False,1.0,5,False,
283,15.552138805389404,1036,406,844,368,1312,127,False,1.0,5,False,
284,15.587262153625488,1036,406,844,368,1312,127,False,1.0,5,False,
285,15.651986122131348,1036,405,844,367,1312,127,False,1.0,5,False,
286,15.715675115585327,1036,405,845,367,1312,127,False,1.0,5,False,
287,15.75526213645935,1036,405,845,367,1312,127,False,1.0,5,False,
288,15.822973012924194,1036,405,845,368,1312,127,False,1.0,5,False,
289,15.887474060058594,1036,405,845,368,1312,127,False,1.0,5,False,
290,15.949031114578247,1036,405,845,368,1312,127,False,1.0,5,False,
291,16.015587091445923,1037,406,845,368,1312,127,False,1.0,5,False,
292,16.05301809310913,1037,406,845,368,1312,127,False,1.0,5,False,
293,16.117053031921387,1037,407,845,368,1312,127,False,1.0,5,False,
294,16.161216020584106,1036,407,845,368,1312,127,False,1.0,5,False,
295,16.21615982055664,1036,408,845,368,1312,127,False,1.0,5,False,
296,16.252876043319702,1036,407,845,369,1312,127,False,1.0,5,False,
297,16.318583965301514,1035,407,844,368,1312,127,False,1.0,5,False,
298,16.3512921333313,1035,407,844,368,423,701,True,1.0,6,False,
299,16.387582063674927,1034,407,843,368,423,700,True,1.0,6,False,
300,16.45157504081726,1033,407,842,367,425,699,True,1.0,6,False,
301,16.52115297317505,1033,407,841,367,429,698,True,1.0,6,False,
302,16.587313175201416,1033,407,841,367,435,695,True,1.0,6,False,
303,16.653326988220215,1032,407,841,368,443,691,True,1.0,6,False,
304,16.720376014709473,1031,408,840,369,453,686,True,1.0,6,False,
305,16.7537260055542,1030,409,838,370,459,684,True,1.0,6,False,
306,16.78652000427246,1029,410,837,371,465,681,True,1.0,6,False,
307,16.852262020111084,1028,411,836,371,479,675,True,1.0,6,False,
308,16.885608196258545,1029,411,836,371,487,671,True,1.0,6,False,
309,16.954132795333862,1029,411,836,370,505,663,True,1.0,6,False,
310,17.019432067871094,1029,410,836,370,523,654,True,1.0,6,False,
311,17.084492921829224,1030,410,836,370,544,645,True,1.0,6,False,
312,17.120766162872314,1029,410,837,370,556,639,True,1.0,6,False,
313,17.1543869972229,1029,410,837,370,568,634,True,1.0,6,False,
314,17.18724012374878,1029,410,837,371,580,628,True,1.0,6,False,
315,17.252275228500366,1030,410,837,371,606,616,True,1.0,6,False,
316,17.319093942642212,1030,410,837,371,634,604,True,1.0,6,False,
317,17.35495686531067,1031,409,837,371,650,596,True,1.0,6,False,
318,17.41507124900818,1031,410,838,371,678,583,True,1.0,6,False,
319,17.46139621734619,1031,410,838,371,701,573,True,1.0,6,False,
320,17.52031898498535,1031,410,838,370,731,559,True,1.0,6,False,
321,17.554084062576294,1031,409,839,370,749,551,True,1.0,6,False,
322,17.618238925933838,1031,409,839,371,785,534,True,1.0,6,False,
323,17.65376615524292,1032,409,839,371,805,525,True,1.0,6,False,
324,17.687284231185913,1031,409,840,371,825,516,True,1.0,6,False,
325,17.72136902809143,1032,409,840,371,846,506,True,1.0,6,False,
326,17.754332065582275,1034,409,841,371,865,498,True,1.0,6,False,
327,17.787193059921265,1035,409,842,370,884,489,True,1.0,6,False,
328,17.82041096687317,1036,409,843,370,902,481,True,1.0,6,False,
329,17.852710008621216,1037,409,844,370,919,473,True,1.0,6,False,
330,17.88649892807007,1037,410,844,370,937,465,True,1.0,6,False,
331,17.921108961105347,1037,410,845,370,955,456,True,1.0,6,False,
332,17.95433521270752,1037,409,845,370,971,449,True,1.0,6,False,
333,18.018388986587524,1036,409,845,370,1001,435,True,1.0,6,False,
334,18.054007053375244,1036,409,845,370,1017,428,True,1.0,6,False,
335,18.093733072280884,1035,409,845,370,1034,420,True,1.0,6,False,
336,18.152421951293945,1035,408,846,370,1058,409,True,1.0,6,False,
337,18.187376976013184,1035,408,846,370,1072,403,True,1.0,6,False,
338,18.22337508201599,1036,409,846,371,1085,397,True,1.0,6,False,
339,18.28515124320984,1036,409,846,370,1107,387,True,1.0,6,False,
340,18.3231201171875,1036,409,847,371,1119,381,True,1.0,6,False,
341,18.378468990325928,1037,410,846,371,1136,373,True,1.0,6,False,
342,18.423518180847168,1037,411,846,371,1149,367,True,1.0,6,False,
343,18.485538005828857,1037,411,847,372,1165,360,True,1.0,6,False,
344,18.522305011749268,1037,412,847,373,1174,356,True,1.0,6,False,
345,18.555601119995117,1037,413,847,374,1181,353,True,1.0,6,False,
346,18.587498903274536,1037,413,847,375,1188,350,True,1.0,6,False,
347,18.62148904800415,1037,414,847,376,1194,347,True,1.0,6,False,
348,18.65693497657776,1037,416,847,376,1200,344,True,1.0,6,False,
349,18.720870971679688,1037,416,847,377,1210,339,True,1.0,6,False,
350,18.75477695465088,1037,416,846,378,1215,337,True,1.0,6,False,
351,18.78842306137085,1037,416,847,379,1218,335,True,1.0,6,False,
352,18.824126958847046,1037,416,846,379,1222,334,True,1.0,6,False,
353,18.886462211608887,1037,416,846,379,1227,332,True,1.0,6,False,
354,18.921369075775146,1037,416,847,379,1229,331,True,1.0,6,False,
355,18.986783981323242,1038,417,847,379,1231,330,True,1.0,6,False,
356,19.02205801010132,1038,417,847,378,1231,330,True,1.0,6,False,
357,19.056862115859985,1038,417,848,378,423,701,False,1.0,6,False,
358,19.08963108062744,1038,417,848,378,423,701,False,1.0,6,False,
359,19.126160144805908,1038,417,848,378,423,701,False,1.0,6,False,
360,19.187260150909424,1038,416,848,378,423,701,False,1.0,6,False,
361,19.226375102996826,1038,416,848,378,423,701,False,1.0,6,False,
362,19.287860870361328,1038,417,848,378,423,701,False,1.0,6,False,
363,19.323585033416748,1038,417,848,378,423,701,False,1.0,6,False,
364,19.388840198516846,1037,417,847,379,423,701,False,1.0,6,False,
365,19.42507791519165,1036,418,845,379,423,701,False,1.0,6,False,
366,19.45812201499939,1035,418,844,379,423,701,False,1.0,6,False,
367,19.4944269657135,1034,418,842,380,423,701,False,1.0,6,False,
368,19.530082941055298,1033,418,841,380,423,701,False,1.0,6,False,
369,19.580721139907837,1033,418,841,380,423,701,False,1.0,6,False,
370,19.622199058532715,1033,419,841,380,423,701,False,1.0,6,False,
371,19.65813708305359,1033,419,841,380,423,701,False,1.0,6,False,
372,19.724462032318115,1033,420,842,380,423,701,False,1.0,6,False,
373,19.790287017822266,1033,420,842,381,423,701,False,1.0,6,False,
374,19.824856996536255,1034,421,842,381,423,701,False,1.0,6,False,
375,19.857179164886475,1034,421,842,382,423,701,False,1.0,6,False,
376,19.89098596572876,1034,421,843,382,423,701,False,1.0,6,False,
377,19.92601203918457,1034,421,843,382,423,701,False,1.0,6,False,
378,19.9896399974823,1035,421,843,382,423,701,False,1.0,6,False,
379,20.025274991989136,1035,422,843,381,423,701,False,1.0,6,False,
380,20.05710196495056,1035,423,843,381,1232,330,True,1.0,7,False,
381,20.091567993164062,1035,423,843,380,1231,330,True,1.0,7,False,
382,20.126669883728027,1036,423,843,380,1229,330,True,1.0,7,False,
383,20.1865451335907,1036,422,843,380,1224,331,True,1.0,7,False,
384,20.221868991851807,1035,422,843,381,1219,332,True,1.0,7,False,
385,20.280951976776123,1035,421,843,381,1208,335,True,1.0,7,False,
386,20.32548713684082,1034,421,843,382,1198,337,True,1.0,7,False,
387,20.38989520072937,1035,420,844,381,1180,341,True,1.0,7,False,
388,20.42440700531006,1036,420,845,381,1168,343,True,1.0,7,False,
389,20.45781111717224,1038,420,846,380,1156,346,True,1.0,7,False,
390,20.524691104888916,1039,419,848,380,1129,352,True,1.0,7,False,
391,20.55957293510437,1040,419,850,379,1113,356,True,1.0,7,False,
392,20.62848401069641,1040,418,850,379,1079,363,True,1.0,7,False,
393,20.69136905670166,1040,418,851,378,1043,371,True,1.0,7,False,
394,20.726619958877563,1040,418,851,378,1022,376,True,1.0,7,False,
395,20.794543027877808,1040,418,851,378,977,386,True,1.0,7,False,
396,20.857603073120117,1039,418,850,378,932,396,True,1.0,7,False,
397,20.891677141189575,1039,419,850,378,906,401,True,1.0,7,False,
398,20.929022789001465,1039,419,849,378,876,408,True,1.0,7,False,
399,20.991044998168945,1039,419,849,379,824,419,True,1.0,7,False,
400,21.027549028396606,1038,420,848,379,791,427,True,1.0,7,False,
401,21.067037105560303,1038,420,847,379,755,435,True,1.0,7,False,
402,21.13149094581604,1037,420,846,380,692,448,True,1.0,7,False,
403,21.18447208404541,1036,420,845,380,642,459,True,1.0,7,False,
404,21.22717785835266,1036,420,844,380,604,468,True,1.0,7,False,
405,21.260563135147095,1034,421,844,380,575,474,True,1.0,7,False,
406,21.29652190208435,1033,421,843,381,545,481,True,1.0,7,False,
407,21.358587980270386,1032,422,841,382,497,491,True,1.0,7,False,
408,21.3938250541687,1031,422,840,382,471,497,True,1.0,7,False,
409,21.42775011062622,1031,422,838,383,447,502,True,1.0,7,False,
410,21.46124505996704,1030,422,838,383,424,507,True,1.0,7,False,
411,21.492297887802124,1029,422,837,383,404,512,True,1.0,7,False,
412,21.530436992645264,1029,422,837,383,381,517,True,1.0,7,False,
413,21.595379114151,1028,422,837,383,344,525,True,1.0,7,False,
414,21.656777143478394,1028,421,836,383,313,532,True,1.0,7,False,
415,21.69285225868225,1028,421,836,382,297,535,True,1.0,7,False,
416,21.73224115371704,1028,421,836,381,280,539,True,1.0,7,False,
417,21.794202089309692,1028,420,836,381,257,544,True,1.0,7,False,
418,21.832731008529663,1028,421,835,381,244,547,True,1.0,7,False,
419,21.894004106521606,1028,421,835,379,227,551,True,1.0,7,False,
420,21.933428049087524,1028,421,835,379,218,553,True,1.0,7,False,
421,21.992649793624878,1028,421,835,378,206,555,True,1.0,7,False,
422,22.02873420715332,1028,421,834,378,201,557,True,1.0,7,False,
423,22.060168027877808,1028,421,834,377,198,557,True,1.0,7,False,
424,22.092921018600464,1029,420,835,377,195,558,True,1.0,7,False,
425,22.12918710708618,1029,420,835,376,193,558,True,1.0,7,False,
426,22.161258935928345,1029,420,835,376,193,558,True,1.0,7,False,
427,22.192692041397095,1029,419,836,376,1232,330,False,1.0,7,False,
428,22.229630947113037,1029,419,837,375,1232,330,False,1.0,7,False,
429,22.26247000694275,1029,419,837,375,1232,330,False,1.0,7,False,
430,22.2940890789032,1029,419,837,375,1232,330,False,1.0,7,False,
431,22.327821969985962,1029,419,837,375,1232,330,False,1.0,7,False,
432,22.36341691017151,1029,419,837,375,1232,330,False,1.0,7,False,
433,22.42802596092224,1029,419,837,375,1232,330,False,1.0,7,False,
434,22.46243119239807,1030,419,837,375,1232,330,False,1.0,7,False,
435,22.494431972503662,1031,418,839,376,1232,330,False,0.9950371902099892,7,False,
436,22.53062391281128,1033,418,842,375,1232,330,False,1.0,7,False,
437,22.59538507461548,1035,417,844,375,1232,330,False,1.0,7,False,
438,22.638675212860107,1037,416,847,375,1232,330,False,1.0,7,False,
439,22.705602884292603,1038,416,849,375,1232,330,False,1.0,7,False,
440,22.756721019744873,1038,415,849,375,1232,330,False,1.0,7,False,
441,22.82442307472229,1039,415,849,376,1232,330,False,1.0,7,False,
442,22.860977172851562,1039,415,850,376,1232,330,False,1.0,7,False,
443,22.8963680267334,1039,416,850,376,1232,330,False,1.0,7,False,
444,22.959367990493774,1040,416,851,377,1232,330,False,1.0,7,False,
445,22.995217084884644,1040,417,850,377,1232,330,False,1.0,7,False,
446,23.029914140701294,1040,417,850,377,1232,330,False,1.0,7,False,
447,23.096843957901,1040,417,850,377,193,559,True,1.0,8,False,
448,23.13051986694336,1040,417,850,378,193,558,True,1.0,8,False,
449,23.163129091262817,1039,417,850,378,194,558,True,1.0,8,False,
450,23.195482969284058,1040,417,850,378,196,557,True,1.0,8,False,
451,23.22952699661255,1040,417,850,378,199,556,True,1.0,8,False,
452,23.264434099197388,1040,418,850,379,203,555,True,1.0,8,False,
453,23.297861099243164,1039,417,850,379,208,553,True,1.0,8,False,
454,23.331990003585815,1040,418,850,378,213,551,True,1.0,8,False,
455,23.395615816116333,1039,418,849,378,226,547,True,1.0,8,False,
456,23.430536031723022,1037,420,847,379,234,544,True,1.0,8,False,
457,23.49576497077942,1035,420,845,379,252,538,True,1.0,8,False,
458,23.5316059589386,1033,422,843,380,263,534,True,1.0,8,True,0.43476200103759766
459,23.59699010848999,1031,423,840,380,286,526,True,1.0,8,False,
460,23.631253004074097,1030,423,839,381,299,522,True,1.0,8,False,
461,23.696734189987183,1029,423,838,381,326,512,True,1.0,8,False,
462,23.731583833694458,1030,424,838,381,342,506,True,1.0,8,False,
463,23.7676100730896,1030,425,838,380,360,500,True,1.0,8,False,
464,23.82875895500183,1030,424,838,380,392,489,True,1.0,8,False,
465,23.863114833831787,1031,424,838,380,411,483,True,1.0,8,False,
466,23.898224115371704,1032,424,839,381,432,475,True,1.0,8,False,
467,23.932919025421143,1032,423,840,381,453,468,True,1.0,8,False,
468,23.994237184524536,1033,423,840,381,492,454,True,1.0,8,False,
469,24.033327102661133,1034,423,841,382,519,445,True,1.0,8,False,
470,24.09658908843994,1034,423,842,381,565,429,True,1.0,8,False,
471,24.16654396057129,1035,423,842,381,619,411,True,1.0,8,False,
472,24.233253002166748,1035,423,843,380,673,392,True,1.0,8,False,
473,24.29680609703064,1036,422,844,380,727,373,True,1.0,8,False,
474,24.333125114440918,1037,422,845,380,756,363,True,1.0,8,False,
475,24.39443802833557,1038,422,845,380,803,347,True,1.0,8,False,
476,24.431149005889893,1038,422,847,380,830,337,True,1.0,8,False,
477,24.466589212417603,1039,421,848,380,855,329,True,1.0,8,False,
478,24.500583171844482,1039,421,849,380,878,321,True,1.0,8,False,
479,24.533257246017456,1040,420,851,379,899,313,True,1.0,8,False,
480,24.60170006752014,1041,420,852,379,941,299,True,1.0,8,False,
481,24.66578197479248,1042,420,853,378,977,286,True,1.0,8,False,
482,24.699209213256836,1044,420,854,378,995,280,True,1.0,8,False,
483,24.736203908920288,1045,420,854,378,1014,273,True,1.0,8,False,
484,24.80169701576233,1045,420,854,378,1044,263,True,1.0,8,False,
485,24.83358597755432,1046,419,854,377,1058,258,True,1.0,8,False,
486,24.898700952529907,1046,419,854,377,1083,249,True,1.0,8,False,
487,24.932170867919922,1046,418,855,377,1095,245,True,1.0,8,False,
488,24.96449089050293,1046,419,855,377,1106,241,True,1.0,8,False,
489,25.000760078430176,1046,419,855,376,1117,237,True,1.0,8,False,
490,25.036261081695557,1046,418,855,376,1127,234,True,1.0,8,False,
491,25.101884126663208,1046,418,856,376,1143,229,True,1.0,8,False,
492,25.1652729511261,1046,418,856,376,1155,224,True,1.0,8,False,
493,25.203585863113403,1046,417,857,375,1161,222,True,1.0,8,False,
494,25.266048908233643,1046,416,857,375,1168,220,True,1.0,8,False,
495,25.301249027252197,1047,417,857,375,1171,219,True,1.0,8,False,
496,25.334569931030273,1047,417,857,375,1173,218,True,1.0,8,False,
497,25.36744999885559,1047,417,857,375,1174,218,True,1.0,8,False,
498,25.399672985076904,1047,418,857,375,193,559,False,1.0,8,False,
499,25.43569302558899,1047,418,857,375,193,559,False,1.0,8,False,
500,25.468862056732178,1047,418,857,375,193,559,False,1.0,8,False,
501,25.500935077667236,1047,418,857,376,193,559,False,1.0,8,False,
502,25.566365003585815,1047,418,856,376,193,559,False,1.0,8,False,
503,25.602692127227783,1046,418,856,377,193,559,False,1.0,8,False,
504,25.637139081954956,1046,418,856,377,193,559,False,1.0,8,False,
505,25.701782941818237,1044,419,854,378,193,559,False,0.9754410020677065,8,False,
506,25.735647916793823,1042,419,852,378,193,559,False,1.0,8,False,
507,25.770745992660522,1040,419,850,378,193,559,False,1.0,8,False,
508,25.8343288898468,1038,420,848,379,193,559,False,1.0,8,False,
509,25.866632223129272,1036,420,846,379,193,559,False,1.0,8,False,
510,25.90262007713318,1036,422,846,379,193,559,False,1.0,8,False,
511,25.966068029403687,1036,422,846,379,193,559,False,1.0,8,False,
512,26.005083084106445,1036,423,845,379,193,559,False,1.0,8,False,
513,26.066009998321533,1036,423,845,379,193,559,False,1.0,8,False,
514,26.102323055267334,1036,423,846,378,193,559,False,1.0,8,False,
515,26.16429901123047,1037,423,846,378,193,559,False,1.0,8,False,
516,26.20066809654236,1037,422,846,377,193,559,False,1.0,8,False,
517,26.236027002334595,1037,421,846,377,193,559,False,1.0,8,False,
518,26.267884969711304,1038,421,847,377,1175,218,True,1.0,9,False,
519,26.308231115341187,1039,420,847,377,1173,218,True,1.0,9,False,
520,26.375348806381226,1039,420,848,377,1165,219,True,1.0,9,False,
521,26.43648099899292,1040,420,848,376,1151,222,True,1.0,9,False,
522,26.469223022460938,1040,419,848,376,1141,224,True,1.0,9,False,
523,26.502646923065186,1040,419,849,376,1129,226,True,1.0,9,False,
524,26.53587007522583,1041,419,850,376,1115,228,True,1.0,9,False,
525,26.568958044052124,1043,419,852,376,1100,231,True,1.0,9,False,
526,26.604125022888184,1044,418,855,376,1082,235,True,1.0,9,False,
527,26.63637900352478,1046,418,857,375,1063,238,True,1.0,9,False,
528,26.66930079460144,1048,417,859,375,1042,242,True,1.0,9,False,
529,26.702082872390747,1049,416,859,375,1020,246,True,1.0,9,False,
530,26.736011028289795,1049,416,859,374,994,251,True,1.0,9,False,
531,26.777865171432495,1050,415,859,374,961,257,True,1.0,9,False,
532,26.83277988433838,1049,415,858,374,912,266,True,1.0,9,False,
533,26.86712098121643,1049,415,858,374,879,272,True,1.0,9,False,
534,26.907397031784058,1049,414,858,374,838,280,True,1.0,9,False,
535,26.975975036621094,1049,414,858,374,763,294,True,1.0,9,False,
536,27.07567596435547,1048,414,858,374,638,317,True,1.0,9,False,
537,27.139312028884888,1048,415,857,374,559,331,True,1.0,9,False,
538,27.206678867340088,1047,415,857,375,482,346,True,1.0,9,False,
539,27.26860213279724,1047,416,856,375,417,358,True,1.0,9,False,
540,27.30667519569397,1046,416,855,375,381,364,True,1.0,9,False,
541,27.368674993515015,1045,418,854,376,327,374,True,1.0,9,False,
542,27.404597997665405,1044,418,853,377,298,380,True,1.0,9,False,
543,27.43926501274109,1042,419,851,377,273,384,True,1.0,9,False,
544,27.503774166107178,1040,420,850,378,230,392,True,1.0,9,False,
545,27.53876495361328,1039,420,848,378,210,396,True,1.0,9,False,
546,27.60332202911377,1038,421,847,379,179,402,True,1.0,9,False,
547,27.637234210968018,1037,422,845,379,165,404,True,1.0,9,False,
548,27.669728994369507,1036,422,844,379,153,406,True,1.0,9,False,
549,27.706236124038696,1035,423,844,380,142,408,True,1.0,9,False,
550,27.772409915924072,1035,423,843,380,128,411,True,1.0,9,False,
551,27.806323051452637,1034,424,843,379,124,412,True,1.0,9,False,
552,27.838879823684692,1034,424,843,379,121,412,True,1.0,9,False,
553,27.906105995178223,1035,423,844,379,1175,218,False,1.0,9,False,
554,27.947848081588745,1036,423,844,379,1175,218,False,1.0,9,False,
555,28.008748054504395,1036,422,845,378,1175,218,False,1.0,9,False,
556,28.07056713104248,1037,421,845,377,1175,218,False,1.0,9,False,
557,28.107290983200073,1037,421,846,376,1175,218,False,1.0,9,False,
558,28.139578104019165,1037,420,846,375,1175,218,False,1.0,9,False,
559,28.205251932144165,1038,419,848,375,1175,218,False,1.0,9,False,
560,28.242491960525513,1041,418,851,375,1175,218,False,1.0,9,False,
561,28.303837060928345,1043,417,854,375,1175,218,False,1.0,9,False,
562,28.33989906311035,1046,416,857,374,1175,218,False,1.0,9,False,
563,28.406156063079834,1049,415,860,375,1175,218,False,1.0,9,False,
564,28.474066019058228,1051,415,862,374,1175,218,False,1.0,9,False,
565,28.536723136901855,1051,415,862,374,1175,218,False,1.0,9,False,
566,28.57037901878357,1052,415,863,373,1175,218,False,1.0,9,False,
567,28.603967905044556,1053,415,863,373,1175,218,False,1.0,9,False,
568,28.63997507095337,1053,415,863,373,1175,218,False,1.0,9,False,
569,28.70603609085083,1053,415,863,373,1175,218,False,1.0,9,False,
570,28.740664958953857,1053,415,864,373,1175,218,False,1.0,9,False,
571,28.776245832443237,1053,415,864,373,1175,218,False,1.0,9,False,
572,28.808016061782837,1053,415,864,373,1175,218,False,1.0,9,False,
573,28.872977018356323,1053,415,864,373,1175,218,False,1.0,9,False,
574,28.908040046691895,1053,415,864,373,1175,218,False,1.0,9,False,
575,28.972005128860474,1054,415,865,373,1175,218,False,1.0,9,False,
576,29.008172035217285,1054,415,865,372,1175,218,False,1.0,9,False,
577,29.07105803489685,1055,415,866,373,1175,218,False,1.0,9,False,
578,29.107304096221924,1055,415,866,373,1175,218,False,1.0,9,False,
579,29.140888929367065,1055,414,866,373,1175,218,False,1.0,9,False,
580,29.207902193069458,1055,415,866,373,1175,218,False,1.0,9,False,
581,29.242269039154053,1054,415,866,374,1175,218,False,1.0,9,False,
582,29.275146007537842,1054,415,866,375,1175,218,False,1.0,9,False,
583,29.309746026992798,1054,416,866,375,1175,218,False,1.0,9,False,
584,29.34375309944153,1054,417,865,376,1175,218,False,1.0,9,False,
585,29.409494876861572,1054,417,865,376,121,413,True,1.0,10,False,
586,29.47276997566223,1054,418,865,376,122,412,True,1.0,10,False,
587,29.526875972747803,1053,419,864,376,126,411,True,1.0,10,False,
588,29.56242084503174,1053,419,864,376,129,411,True,1.0,10,False,
589,29.60423994064331,1053,419,864,376,135,410,True,1.0,10,False,
590,29.642182111740112,1052,419,863,377,141,409,True,1.0,10,False,
591,29.67815899848938,1052,419,863,377,148,407,True,1.0,10,False,
592,29.73756718635559,1050,419,861,377,161,405,True,0.9958932064677039,10,False,
593,29.772008180618286,1048,419,859,377,170,403,True,1.0,10,False,
594,29.809407949447632,1046,419,857,377,181,401,True,1.0,10,False,
595,29.874906063079834,1044,420,855,377,202,397,True,1.0,10,True,0.4654111862182617
596,29.91047215461731,1042,421,852,376,215,394,True,1.0,10,False,
597,29.942911863327026,1042,421,852,376,227,391,True,1.0,10,False,
598,30.004230976104736,1042,421,852,376,254,386,True,1.0,10,False,
