timestamp,stim_x,stim_y,inter_ocular_px,offset_x_monitor_right,offset_y_monitor_right,offset_x_monitor_left,offset_y_monitor_left
1754932676.9049668,327,242,121.73821604241569,-1.8046042778912457,0.06642206821030498,1.8010291794258133,0.16754812795291482
1754932676.929306,332,244,120.09562309461423,-1.7967998850667355,0.08031830229055334,1.8186332680339177,0.14851149845314585
1754932676.997259,341,248,117.5862315062115,-1.7802885044788828,0.07402703131624205,1.8222917624691384,0.17174738869560788
1754932677.02893,346,249,118.85936863012269,-1.7834739039743566,0.06546105157450942,1.8178492489480151,0.17928319052079422
1754932677.097885,355,253,117.54738245845587,-1.7855081631490297,0.04902863518994765,1.8166075338259158,0.17762851164963267
1754932677.126039,359,254,117.35270484116653,-1.7976791447803986,-0.014405527161768761,1.805922546919186,0.22178096605994357
1754932677.197435,369,258,119.88319992613069,-1.8040510676792225,-0.016301575933471514,1.8023681201028003,0.23611087983307896
1754932677.224603,373,260,123.31981147672234,-1.810587682410853,-0.03512967792762711,1.7965152391500858,0.2577860012520664
1754932677.259783,378,261,123.92629278137497,-1.8165767039070302,-0.05030496947244461,1.7858171980915722,0.2718066572395857
1754932677.328371,387,265,124.79253473783011,-1.818752187262989,-0.054579097189338135,1.7825007841450522,0.2748196672204034
1754932677.356352,391,266,128.4198745444606,-1.8179765788361666,-0.08602184934139226,1.7808879522060876,0.304930611103567
1754932677.428698,400,270,130.5844837005522,-1.8169103874755583,-0.12545875681822125,1.7790808265973646,0.32821488506844004
1754932677.455501,404,272,129.06792031945633,-1.8172065923351364,-0.14770741927605116,1.7679140043462442,0.3523579925568022
1754932677.527222,413,275,131.14121988366693,-1.8165188587115175,-0.18121081270291417,1.7620481788828672,0.3823735934956667
1754932677.555146,417,277,131.9961214567269,-1.8107864679871668,-0.19243112994504405,1.7563259892370435,0.3995078456352718
1754932677.627108,425,280,133.60793025249308,-1.8120101858301518,-0.20986374663419705,1.7504685359529235,0.41918686815016437
1754932677.654183,429,281,136.15773204835702,-1.8205387053420854,-0.18725211024732394,1.7536535005565088,0.41227129259193895
1754932677.724417,437,285,136.036699379234,-1.820749129700091,-0.18508942210950355,1.7492959881613972,0.41268200789231213
1754932677.752079,441,286,137.31843806960052,-1.8266866776268322,-0.18237930625292317,1.753757685087782,0.3906526308117663
1754932677.824766,449,290,136.40965641627545,-1.82595745743345,-0.15749527913768246,1.7579232061942798,0.3758138301791407
1754932677.851824,452,291,136.1856963658674,-1.8260754172404474,-0.1505259905556375,1.7581909258887176,0.35630213270101374
1754932677.884127,456,293,134.72494784090188,-1.8283806619762857,-0.12708876594128532,1.7543780435562255,0.3425436418932883
1754932677.955872,464,296,134.42037087886158,-1.829905774480165,-0.11611493087866229,1.7669132201423672,0.3151537330842387
1754932677.984166,467,297,135.03474509561232,-1.8251578966941722,-0.12418712386181144,1.7621729060170932,0.3302165876495993
1754932678.054316,474,300,134.51875209556533,-1.8212161828992008,-0.12463174459606444,1.7634692196119306,0.34042940807158056
1754932678.083067,477,302,134.23530342152242,-1.8098615127442501,-0.0963786287040147,1.7717077267287065,0.32095135559161375
1754932678.153471,484,305,134.44948748481377,-1.8097526058077018,-0.0963758049116793,1.7746561908061225,0.32576261183210925
1754932678.183243,487,306,133.62649643075883,-1.803249397608214,-0.10013979618141407,1.772365497582774,0.33497226412587333
1754932678.2549179,493,309,134.0382041210281,-1.8004408538805656,-0.09502174281704281,1.7788025545811081,0.3295453519620064
1754932678.2808151,496,310,134.31234187362944,-1.7988612704487625,-0.09394296264319978,1.7827633650109227,0.3267844593584262
1754932678.3523798,501,313,136.16289631642616,-1.7947194012270244,-0.0937428491665696,1.7877051897058436,0.3264266950554892
1754932678.37981,504,315,136.36823683575602,-1.7948865980457571,-0.08668987145525142,1.789449426534766,0.317424824905964
1754932678.452259,509,317,137.20592102474842,-1.7913956305079644,-0.06913136371443986,1.795136956594641,0.30995962124927684
1754932678.47853,511,319,136.58064147897556,-1.7867287072417333,-0.06828949380562026,1.796832181087673,0.29856374011941333
1754932678.549706,516,320,136.6662631177321,-1.78130984727161,-0.061958925107332016,1.796940468823654,0.3067247294411272
1754932678.577659,518,320,138.0192249195501,-1.7799913631829185,-0.04323106250090077,1.801231492875386,0.2929470029144584
1754932678.612041,520,320,138.5147049548875,-1.7787243457093844,-0.0543571303471484,1.8049320707908802,0.2980593102985635
1754932678.681576,524,320,138.68924310877009,-1.7831906287894288,-0.03277491715854088,1.802796525179763,0.2805787848799096
1754932678.710096,526,320,139.14350484319047,-1.7796951378206944,-0.031840720884864254,1.8058798980872393,0.2789066474614433
1754932678.7828832,530,320,140.12460462136008,-1.779969489733227,-0.022828250239697097,1.8051549448983037,0.2663143501892854
1754932678.80923,531,320,139.33595627149649,-1.776996519710829,-0.023065789733525067,1.8064091851234743,0.2666690446967909
1754932678.880655,534,320,139.38592444701388,-1.7766142284929594,-0.02112654390312522,1.8063382688942273,0.26964403910046736
1754932678.907752,535,320,140.01395781163131,-1.776294886977676,-0.02995131442789232,1.803368523999685,0.27833115761636573
1754932678.978343,538,320,140.8435236250706,-1.7809892942970937,-0.03096707853695961,1.802458936914627,0.267168870971338
1754932679.007047,539,320,141.2955693829916,-1.7803890937725049,-0.03402036118102915,1.8023111999867525,0.27646331503546573
1754932679.078733,540,320,141.59259447296253,-1.7840003541184564,-0.03106169447348557,1.804559663204094,0.2666892373866478
1754932679.1056309,541,320,141.41418755883868,-1.7809817387071554,-0.03977424118142487,1.8033697967115867,0.2859650104878219
1754932679.1772978,542,320,141.75600423839188,-1.7792276490282959,-0.045220369138469045,1.8027475465381995,0.28499063194779123
1754932679.204847,543,320,141.75928846510038,-1.7822284226360914,-0.043019204104281894,1.7962312833533216,0.2912094606183078
1754932679.238061,543,320,142.32703879069217,-1.777360445481171,-0.05235007588197714,1.804772339755332,0.2957677444054913
1754932679.309087,543,320,141.60298273829238,-1.7796264388980636,-0.054485966286923655,1.8010310133107705,0.2931317001444763
1754932679.336899,543,320,142.55696596347855,-1.7799173591712953,-0.05105889290027797,1.8027565154840302,0.2946353106095182
1754932679.408555,543,320,143.07719865453785,-1.7818097869722844,-0.043053838150022894,1.8021124864619216,0.28488125094127753
1754932679.435853,543,320,142.8561763852062,-1.7803381792491975,-0.05681941516164544,1.7990299561796403,0.29669000898246334
1754932679.5075688,542,320,143.30118925706887,-1.7810788929137213,-0.04652708650610376,1.8022141277425479,0.289919544008367
1754932679.534761,542,320,142.7131063227659,-1.7809783427817678,-0.051488560784183596,1.7990841757016103,0.294034758389072
1754932679.607373,540,320,143.2741947331523,-1.7861528156315085,-0.04765891831017498,1.7967780196872978,0.2892947344707596
1754932679.6336472,540,320,144.08610708422407,-1.7850459899768882,-0.043269926679659954,1.7987090372260155,0.28376406270844573
1754932679.7052732,538,320,144.0812786312157,-1.7845956018167302,-0.04708624345544468,1.7954824212186271,0.2888960218606155
1754932679.732613,537,320,143.80911577458957,-1.7852037344299565,-0.05486328383288124,1.7935000711949667,0.2979925192969873
1754932679.8050718,534,320,143.52956018803326,-1.7870975061659293,-0.044251631230991545,1.7889923954179536,0.29418990697203734
1754932679.831788,533,320,144.04125919132477,-1.7883367578259528,-0.04585430638606454,1.7914671611298152,0.2909449668516998
1754932679.867307,531,320,144.18277370375785,-1.7871384713545901,-0.04416752990948905,1.7931177727340313,0.29138716259323316
1754932679.9369888,528,320,142.7925389969099,-1.7875536629289939,-0.03819577940834597,1.7903508623741862,0.2859754781809822
1754932679.964331,527,320,143.51360654040525,-1.785414813650779,-0.06094680937933769,1.795221764227778,0.3013108356687135
1754932680.035228,523,320,143.678005645514,-1.7919648299040445,-0.052857835126525185,1.7898442322167039,0.2981599103791997
1754932680.063992,521,320,145.9739378939407,-1.7916190731785828,-0.04630818488011839,1.795877892827738,0.2859256767042827
1754932680.1335921,516,320,143.0642022071174,-1.7887721233035427,-0.04978404180519306,1.790555713085345,0.2921589964510896
1754932680.161918,514,320,144.5161201508799,-1.791297337337297,-0.056513809786447614,1.7920441058932508,0.29362621699192637
1754932680.238747,509,320,143.82187198222064,-1.7939075103726365,-0.059136951936792,1.7922020691325482,0.2902048816567888
1754932680.262767,507,320,143.90604333614598,-1.7930924910866233,-0.03964874793079253,1.791593316319949,0.2866034346520189
1754932680.331736,502,320,144.3118225975002,-1.7914873091183714,-0.04165045001604087,1.7919043058823465,0.2834009498904235
1754932680.3595982,499,320,145.12181906653285,-1.7945466042311378,-0.03910443332734802,1.792357976228155,0.2757127998151274
1754932680.4320269,493,320,143.58616686650066,-1.7931325477881879,-0.04414732156942534,1.790291682261671,0.2875142509842214
1754932680.4579358,491,320,143.7009504301141,-1.794192365280998,-0.03881497256965003,1.788982595730288,0.27964743894206207
1754932680.4932292,487,320,144.34082338007715,-1.7938525234266667,-0.03750348509700638,1.7931799268822501,0.27536561824666483
1754932680.563352,481,320,144.11797355580356,-1.7941868531335938,-0.03638755069354718,1.7894013998470388,0.2795091523275052
1754932680.59099,478,320,143.7648071675695,-1.792401945561551,-0.02782580972593913,1.787835044255845,0.2746109504932903
1754932680.6630762,471,320,143.48757701790305,-1.788957403012194,-0.03441243084258783,1.7916081006000042,0.2831181519187173
1754932680.6903381,468,320,142.9647927547877,-1.7906108171418884,-0.029398869311273217,1.7916664500258899,0.28077459365791774
1754932680.75906,461,320,144.1420001258343,-1.7903845240677223,-0.040904388100266274,1.793180481403708,0.2875312113944526
1754932680.7888482,457,320,142.9350663107362,-1.787780018541975,-0.04387334111216349,1.796783763416602,0.2826337357932123
1754932680.860374,449,320,143.15228852671282,-1.7864164145860915,-0.04126332701823913,1.7960025216655944,0.2853252260294972
1754932680.887755,446,320,143.22793954883247,-1.7880335173541368,-0.04893058278477571,1.795781929622325,0.2894934176644223
1754932680.95937,438,320,142.7680651273052,-1.790133250361512,-0.04718931978410068,1.7920891420671248,0.2920116758606847
1754932680.986058,434,320,143.0129810418471,-1.7869895239425293,-0.03896738474191386,1.7953297755504178,0.28914651696891014
1754932681.056545,426,320,143.75052155916237,-1.7860514311311693,-0.036969625473015154,1.7958498618338237,0.28737390775085
1754932681.0849159,422,320,142.44989685210578,-1.7847641334230715,-0.045506505433183526,1.7935107190756898,0.2963944040722913
1754932681.121702,418,320,143.84674347385277,-1.784098651224897,-0.04692554810584975,1.7927644678611014,0.29778828522229434
1754932681.190162,409,320,143.80748105500933,-1.7890479806524484,-0.052458114373724295,1.7936289802338103,0.2908657787103131
1754932681.218264,405,320,143.7725101835789,-1.7879356843833114,-0.03662243598332304,1.800205252484674,0.27595117665199076
1754932681.289885,396,320,144.00514100540144,-1.7866969100100192,-0.03639031214765174,1.7960228508325808,0.28649008784887825
1754932681.3170052,392,320,143.27619913705425,-1.7895445552714095,-0.040249939267426024,1.791368029909235,0.2888992144983621
1754932681.388704,383,320,144.3928125912007,-1.7908604894831126,-0.03939446708264995,1.7973177200130226,0.27521575983814794
1754932681.4159229,379,320,142.82890860975132,-1.786829255327378,-0.03122551703272639,1.7931993230394532,0.28528522285974134
1754932681.488338,369,320,143.53580591285785,-1.7905264930443057,-0.04123083590079649,1.7930553955817194,0.28312413860510705
1754932681.5148458,365,320,144.338190929672,-1.7887664584305298,-0.04060356709829905,1.7957584415389534,0.2804828046929213
1754932681.5837288,356,320,144.435643269426,-1.7890976655107518,-0.03501740812212955,1.7947653428110069,0.28518276130814285
1754932681.616253,351,320,143.3505673225372,-1.7882848601290176,-0.04391104332487865,1.7940844483217337,0.28096692448515415
1754932681.684598,342,320,143.26290165496636,-1.7881526395488119,-0.045064466274308386,1.7914175250841087,0.28892720624779644
1754932681.714632,338,320,143.82185550486122,-1.7896231914393808,-0.030125009186127955,1.7919079933625077,0.2788995726232262
1754932681.7463748,333,320,144.1894659678652,-1.7921844350050782,-0.04037997129891873,1.7952823541926681,0.27803474030196956
1754932681.816471,323,320,144.13262138233483,-1.7893319821948095,-0.026310475151277785,1.7962242749272261,0.2760958848180874
1754932681.845402,319,320,143.06786452903185,-1.79136560872676,-0.03400785282243251,1.793814643970545,0.2742256687168456
1754932681.914787,310,320,144.34163118397987,-1.7920425027309521,-0.028708190451408,1.7950176186349438,0.27334565011004747
1754932681.945258,305,320,143.1550267043078,-1.7874024621976725,-0.04207623454390609,1.7948183534033366,0.2848951286784457
1754932682.015564,296,320,143.57155757470002,-1.7879019288054954,-0.03958850491587391,1.7951928226641594,0.2835045667525738
1754932682.0428329,291,320,143.20628191164408,-1.7892883846540035,-0.04531087399840441,1.7940753591532224,0.28367427103280024
1754932682.1132832,282,320,144.0947351446648,-1.7884630980274254,-0.034683322603539214,1.7941551014326977,0.2856110480261126
1754932682.141315,278,320,143.61941798817637,-1.7890551705118571,-0.04200590144963859,1.7978560592822912,0.28023441603592375
1754932682.2128232,268,320,143.3954337959726,-1.7879398626358367,-0.040103893779912796,1.7960685867242325,0.2756304571254998
1754932682.2420979,264,320,143.0976048539057,-1.790235818199423,-0.03465566794274787,1.791336712736308,0.2847284686875551
1754932682.310406,255,320,143.9321683007983,-1.7877505625686936,-0.0391197978906152,1.7996113237482567,0.27518252321212905
1754932682.3392751,251,319,143.06461056178009,-1.788311129178414,-0.045705252200311124,1.796230531444973,0.2819006742950733
1754932682.3751411,246,318,144.05696857955053,-1.7898934514828084,-0.03901232719546259,1.7961875487773078,0.2826641966857683
1754932682.4421601,237,315,143.17418068109572,-1.7867911667562155,-0.04279132411117716,1.7951787089156952,0.2851929144639159
1754932682.471214,233,314,142.90637213149432,-1.7853101181850348,-0.0316185061437697,1.7927481735685464,0.27882512228289086
1754932682.543082,224,311,142.45346034900507,-1.7850392069437893,-0.05094980428651481,1.794784522548739,0.2880180112910498
1754932682.5703099,220,309,143.19554206133358,-1.784690004295279,-0.037197131624808935,1.7960542977820027,0.28249077945424744
1754932682.639811,212,307,142.89742746489637,-1.7862613222280668,-0.048693052077267755,1.79670240623102,0.2796598358536985
1754932682.672229,208,305,143.90227583794106,-1.7846333051283843,-0.04514117786848561,1.7972820557918423,0.27748069881357956
1754932682.740361,200,302,143.31078172558637,-1.789831964507982,-0.046860858152033974,1.7961597049263027,0.2808568813037804
1754932682.768456,196,301,143.4613395244932,-1.7873799164870607,-0.04269392241153367,1.7986872998076149,0.2790628785247498
1754932682.840479,188,298,142.82950593566449,-1.7851328135540778,-0.044545882353632445,1.7963236105212514,0.2898196486631603
1754932682.8678489,185,296,143.6312136333554,-1.78809950612578,-0.03239380742453209,1.8018550243935116,0.2700494006656538
1754932682.940274,177,293,143.22379800140547,-1.7848213620643751,-0.04822983473056674,1.7985982264980913,0.28196471669262113
1754932682.9665222,174,291,142.7241334678691,-1.7891663802236983,-0.03905412047250534,1.7989171825478554,0.27079995606349894
1754932683.000423,170,290,142.73425211751044,-1.7846789867524857,-0.05266676426868616,1.7955934990781772,0.28381270210153564
1754932683.072588,163,287,143.75145512777408,-1.7898638857371068,-0.03281981366478616,1.7961286290704621,0.2739922391189036
1754932683.098418,160,285,142.2514980696956,-1.7878431452151209,-0.03794557605354208,1.7978492728093158,0.27001720676606794
1754932683.1676888,154,282,143.75782013640597,-1.7877449433284458,-0.044396054502514874,1.7978280829396935,0.2794391089832498
1754932683.199988,151,280,143.92311182482322,-1.787870518476793,-0.03960917330855864,1.7974523014413595,0.28365433836280013
1754932683.268965,145,277,143.22626257393492,-1.7868061844434375,-0.03856913468232479,1.795107865519523,0.28274517541911953
1754932683.296113,142,275,143.335619922481,-1.7894240802926722,-0.04277971143012323,1.7942520288879755,0.2829745963027137
1754932683.36862,136,272,144.70260572098806,-1.7883303112346,-0.033241091219890884,1.8006799431818057,0.27111356657360447
1754932683.39538,134,270,143.58486058098583,-1.789955292948408,-0.03647074294176627,1.7962937361852378,0.2787395975103054
1754932683.467083,129,267,144.1311657485191,-1.7881304114808143,-0.03276037668846507,1.7982766535082004,0.27911819629488993
1754932683.494366,127,265,143.6226353007251,-1.7877158528303774,-0.0385388405857933,1.7944551102243105,0.2834592892673587
1754932683.5652359,122,262,143.92595798854998,-1.7866000763677978,-0.03169353024303266,1.796351344624891,0.2767667514325358
1754932683.59372,120,260,143.87612813183367,-1.789705319797226,-0.034165643252364604,1.7970941088485448,0.27611429500289164
1754932683.629251,118,258,145.12652715592614,-1.7874557548674344,-0.039194784745688264,1.8012059836297858,0.2769274342018288
1754932683.696409,114,255,143.94926053573005,-1.785658117873569,-0.038846371187602056,1.7964237833368901,0.2829188886751167
1754932683.725303,112,253,143.41537747086184,-1.7873898444693692,-0.03382881701826168,1.795886723868253,0.2823330279184977
1754932683.7975948,109,250,144.71629981963872,-1.7891368234038503,-0.03442539417877985,1.7975205684963753,0.2788373848498825
1754932683.824607,107,248,143.8667541205538,-1.7897922534161206,-0.03753464416987054,1.7952426518072502,0.28625838434801903
1754932683.891239,104,244,144.52085514115169,-1.78777117798585,-0.03191942232516488,1.7976863568504038,0.28145496568725503
1754932683.924551,103,243,143.54002180357574,-1.787045016537203,-0.03269750413939323,1.7958352910696493,0.28168667060208213
1754932683.992909,101,239,145.0273530557903,-1.789943722555056,-0.03365270456396758,1.7962811040809143,0.2831102694858304
1754932684.022263,100,238,143.92629439094185,-1.7885383077959849,-0.027118753890320032,1.7954123754724416,0.282853563188977
1754932684.0934021,98,234,143.09615392054002,-1.7843365804726004,-0.024404456657764702,1.7916272669569937,0.28772835292011467
1754932684.123295,98,232,144.46381573953656,-1.7891637687974655,-0.029483493658059433,1.7972166479636429,0.2734607129843541
1754932684.1920562,97,229,143.37325294269323,-1.783520930980944,-0.03592215006261289,1.7966014220266806,0.2861410099776075
1754932684.2202308,96,227,144.01204302127027,-1.7887321601753097,-0.03587022500750049,1.7942491892020747,0.2849448655191998
1754932684.29212,96,223,144.34579269243613,-1.788989859728144,-0.026918763881301256,1.7964111742792643,0.27650252312293655
1754932684.319634,96,222,144.30655441060696,-1.78722028500774,-0.032853450199701824,1.795713313791847,0.27945288323495837
1754932684.353222,96,220,144.1202248523844,-1.7885412907929525,-0.03215628837796248,1.7957415355822894,0.2804943043423933
1754932684.424722,96,217,145.08838033446767,-1.7920936716844336,-0.03671366099935077,1.7969180238839306,0.2802234062042602
1754932684.451942,96,215,143.6520069658799,-1.7865185888791375,-0.03440980441750769,1.7967570785692004,0.2819748581451417
1754932684.523402,97,211,143.62488526276854,-1.7871024765948658,-0.03528966421168847,1.7965864554128543,0.28136037082520265
1754932684.550897,97,210,144.69039358015252,-1.788072937244631,-0.03214916738398565,1.7972718744892426,0.27791683412069873
1754932684.623083,99,206,144.18904301594586,-1.787319317246893,-0.02795071107604111,1.7962373122363007,0.27042295432097063
1754932684.649298,100,205,141.4573576208459,-1.7908025436774784,-0.04343643878073022,1.7980147661802541,0.2678391515907411
1754932684.720347,102,201,141.5460798612313,-1.7901376578587653,-0.05592540132277553,1.7984496774016567,0.2696254338817157
1754932684.7485702,103,200,142.2944646972739,-1.7933794931194622,-0.04327040084443708,1.7994183130830423,0.26113974347129776
1754932684.820498,105,197,142.90662563883868,-1.7866319217679354,-0.04682538394446895,1.8033844217313437,0.26745736529865555
1754932684.847931,107,195,143.47826886766305,-1.7889725224951782,-0.04538578611489052,1.800074431006639,0.26854960131921524
1754932684.9180968,110,192,143.4664061549624,-1.7860836684952854,-0.0516035502817924,1.8002023869032635,0.2740864089402607
1754932684.9464908,111,190,143.75131444172158,-1.787038284054215,-0.05298564804543785,1.7977003088665393,0.2828501553480962
1754932684.9817832,113,189,143.74853881152245,-1.7906280247809239,-0.03080688281623934,1.8008912534309718,0.25613637702422426
1754932685.050302,117,185,144.0101517821282,-1.7863992787556846,-0.0488140980844661,1.8002344263499896,0.2767130085153432
1754932685.079259,119,184,143.04643718692307,-1.7871327822222507,-0.04133601683790734,1.7998549403794584,0.27499714135241066
1754932685.1500852,124,181,143.53619411825096,-1.7884513203850894,-0.028228143691936772,1.7985206290993672,0.26465492778852995
1754932685.1779919,126,179,142.93069177910155,-1.7832432788261594,-0.05095735748745505,1.7997095952182327,0.2765175033642139
1754932685.249177,131,176,143.88067883963387,-1.7883986611958824,-0.03426218237966662,1.7961790838417877,0.2759649895533168
1754932685.2763789,133,175,143.11602173476817,-1.789157675362963,-0.0352175490321578,1.7957025226598204,0.2746941083232977
1754932685.349097,139,172,143.50842399277408,-1.7813787185064656,-0.03710533240128671,1.7980032005631774,0.27667639428158053
1754932685.3761501,141,171,143.48067593299888,-1.7890796459204619,-0.031859238469205665,1.7982522455462637,0.27357465031136546
1754932685.446615,147,168,143.77456184410474,-1.7854559793551652,-0.023784952827780603,1.7970681889035898,0.2725788262195272
1754932685.473921,150,166,143.23532594342262,-1.783881384327308,-0.02241693838687901,1.7961105010026421,0.26834613084486214
1754932685.542065,156,164,143.46273882890685,-1.7844634765433527,-0.03223369100608689,1.8008017158937784,0.27200100856068216
1754932685.573886,159,162,142.94164479890617,-1.7841145761537165,-0.028208514025592078,1.7978225573565592,0.2809291975169245
1754932685.607286,163,161,143.9331798735322,-1.78734991691747,-0.03508734701978459,1.7975831518028536,0.2741780749929876
1754932685.67252,169,158,143.773546983292,-1.784604720479231,-0.03360256274466919,1.7981093802815868,0.2772589170655354
1754932685.706109,173,157,144.0701439711821,-1.789627679250821,-0.029500622952300385,1.7964281559695958,0.2763153176238537
1754932685.7709818,180,155,143.99342342320887,-1.7846992994046686,-0.03458937276354372,1.799810966836411,0.27712518417974635
1754932685.806018,184,153,142.98432541987447,-1.7848254154505707,-0.03278292996020058,1.795758909013967,0.2794903979945167
1754932685.8724349,191,151,144.06842137078516,-1.783821191488984,-0.021155096264517,1.794552127848103,0.2809487360975719
1754932685.9035661,195,150,144.51146108897336,-1.783941245452528,-0.031016948578344312,1.8017474634756554,0.27955764024196583
1754932685.968899,203,148,143.69995399490352,-1.7863781081963421,-0.036752744604034195,1.7954672051709544,0.28372367650606267
1754932686.0029252,207,146,144.3660332002058,-1.7877910297970032,-0.03148457863269541,1.7954963464381686,0.282998894016419
1754932686.067858,215,144,143.08814693966278,-1.7857743774356682,-0.0311409361151386,1.7957914522820888,0.2825668186206782
1754932686.1023822,219,143,143.48447698249643,-1.7902483408627379,-0.03546150333142241,1.7945236228069843,0.2775558041172842
1754932686.1670039,227,141,143.79129136830807,-1.783293772337071,-0.03058126340039812,1.797427303546637,0.285170808682954
1754932686.203816,232,140,144.77076606328083,-1.787242899462526,-0.04030191663233435,1.7994580475407098,0.27975907560557817
1754932686.235784,236,139,143.18723775656005,-1.7864737248007783,-0.02903590090753691,1.7988267521491574,0.27290927020903444
1754932686.300674,245,137,143.9408871503531,-1.786372100507112,-0.029579416371070606,1.7986873379648645,0.27327009192274704
1754932686.3332329,249,136,143.13487349107743,-1.783530640955833,-0.03662909941837496,1.7955242838789984,0.2879978936695412
1754932686.399734,258,135,143.95028579138568,-1.7886652045360727,-0.03871001336263198,1.7947658725289737,0.2860946156776624
1754932686.432404,263,134,143.49846543699834,-1.7851841876805172,-0.03331304453030433,1.7976825174171707,0.2800945018943923
1754932686.497325,271,132,144.03751067046187,-1.7864905844188597,-0.03350587772292427,1.7990383537310262,0.274708359837644
1754932686.531052,276,131,144.01988117823316,-1.784568391912824,-0.03130070433599424,1.7956632254171443,0.2819717380798729
1754932686.596243,285,130,144.64405161133897,-1.7881324088179653,-0.024605770678684528,1.7969020270540919,0.27159581045152903
1754932686.6289868,290,129,142.4855875891516,-1.78349937882417,-0.03496145642243617,1.795549602716499,0.2848531978274799
1754932686.695022,299,128,144.73690722046882,-1.7891375904933857,-0.02264758752169485,1.8013319609310032,0.268786548656219
1754932686.72803,304,127,143.95381383431376,-1.7830632523892915,-0.03308252020763531,1.7971825615587504,0.2882765574776947
1754932686.800255,313,126,143.5069989086419,-1.7858493673590712,-0.029008786930992347,1.7937594943552133,0.2836099205611855
1754932686.827761,318,126,144.18707197973853,-1.7880201808382084,-0.022069468907863397,1.7942853930476168,0.2778549226716706
1754932686.861343,322,125,144.37758286718545,-1.7853505600992585,-0.024834336900445356,1.798950050420845,0.2756531234137421
1754932686.933606,332,124,144.13634903710786,-1.7841157544300188,-0.03372301014793668,1.7990147721748488,0.2798241963295989
1754932686.959588,336,124,144.61083432684208,-1.784610587268418,-0.0385642756455192,1.7975416659275862,0.2870104528079041
1754932687.032379,346,123,143.96877389858005,-1.7858470901989352,-0.038019260587178444,1.7956849534926524,0.28482081537654597
1754932687.059299,350,122,143.99732376950536,-1.7870340718490887,-0.035552137521775065,1.7966492392861322,0.28110253872177826
1754932687.1294029,359,122,144.23065344694453,-1.7855857420927228,-0.03039331936291597,1.7967798365275032,0.2817530145411198
1754932687.1573539,364,121,143.84656356575573,-1.7831046648099027,-0.040360620172808635,1.7960714659500248,0.2877944530266072
1754932687.229706,373,121,144.05168669228985,-1.7848802139714426,-0.023177313485130746,1.7998451904512254,0.2779491347813593
1754932687.2569559,377,121,144.03379181253567,-1.7856792634590262,-0.03367212988553533,1.7961544708863022,0.28243741619836454
1754932687.328641,387,120,143.84739766466947,-1.784393272056509,-0.03891554024745627,1.7972324120493401,0.28258350160800916
1754932687.35569,391,120,143.15808277323836,-1.7860676512047164,-0.03607530095273705,1.7974577676196786,0.2816857401552608
1754932687.427531,400,120,143.49708261787768,-1.7884997523654051,-0.03803382481901997,1.7983779583031425,0.27340842641630486
1754932687.454942,404,120,143.23952713860726,-1.7849051591763476,-0.031260209332660986,1.7995449784971072,0.2752434119685786
1754932687.4893298,408,120,142.9935609472826,-1.783095925276204,-0.031442590396517804,1.8006174074365737,0.2739824660695305
1754932687.5577228,417,120,143.86883121978119,-1.7848900581784326,-0.04316605300712777,1.798164657803686,0.2801259611867904
1754932687.5866199,421,120,142.49191016461396,-1.7841157604482838,-0.03333334954512893,1.798453001542104,0.27287861950434983
1754932687.656458,429,120,143.34982292810403,-1.7827533727743146,-0.03603410242892511,1.8017383915197513,0.2709280501470795
1754932687.6861792,433,120,143.180795911446,-1.784442182631765,-0.040610026212716845,1.7988722810542068,0.27743923816176963
1754932687.755062,441,120,143.64934353959413,-1.7866104660923154,-0.032738847874654094,1.8009606441519834,0.269709471612665
1754932687.785268,445,120,143.86841205400668,-1.783415651130871,-0.04233594980594246,1.8005837829865168,0.27858607648873124
1754932687.855325,452,121,143.2152340021325,-1.785615040095259,-0.039912178576879336,1.7936506010366995,0.28431663794103024
1754932687.88422,456,121,143.0284330815895,-1.7834295118103691,-0.03653013690958054,1.7992843686350912,0.27640526770188534
1754932687.956455,463,121,143.4619190358792,-1.7868879594632023,-0.040974804878710566,1.7955077484189796,0.27799602619808017
1754932687.983006,467,122,143.48121421769935,-1.787182279089375,-0.03660411632463589,1.7984914026945162,0.27122657707143644
1754932688.0539799,474,122,142.94271399695228,-1.7835666951480154,-0.03141656711797578,1.8006956041947062,0.26498862151975866
1754932688.081877,477,123,143.6139008657126,-1.7815223657334776,-0.04321112031922969,1.8002827841275983,0.2787953785733955
1754932688.117443,480,123,142.33476185026336,-1.781291202433387,-0.033200422492924285,1.8032932441072271,0.27276649470937825
1754932688.185753,487,124,142.32929542007244,-1.7824987341960352,-0.0469829534355314,1.7971925299010767,0.284183631718051
1754932688.213671,490,124,143.32584693960993,-1.7840523054641664,-0.03235986207103818,1.8019612195389763,0.26725181390395425
1754932688.284641,496,126,143.1162031568016,-1.781922794939036,-0.04462440190222956,1.8009593922539713,0.2826447659306122
1754932688.313097,498,126,143.1946298463518,-1.7825514715259685,-0.0390675688926569,1.7980128403147395,0.2792011572952289
1754932688.3858628,504,127,142.74682650869053,-1.7827926461137658,-0.04709164843574645,1.7998010976716625,0.284063601345982
1754932688.411176,506,128,142.5481489139894,-1.7846774752152952,-0.036486369070335985,1.7993219108277174,0.2741149423747643
1754932688.483086,511,129,143.78788089545705,-1.7851540974793536,-0.05309981212432824,1.8010992188424733,0.2775838472464006
1754932688.510609,514,130,142.75664045434647,-1.7817073670204133,-0.03580339632474947,1.8000231708962164,0.2743820729013995
1754932688.5821319,518,131,142.22850252437144,-1.7838009101530221,-0.05470982155793581,1.8014938891095207,0.2755865944414581
1754932688.609887,520,132,143.1333629786556,-1.7855111788973277,-0.046266056103174774,1.8009212476164167,0.27429657152495607
1754932688.6807969,524,134,143.01040401683187,-1.7849374977499781,-0.04344768312411391,1.8010092887795173,0.27137621087834246
1754932688.707886,526,135,143.6266043193742,-1.7818741838864676,-0.04068529710771531,1.8017010969556035,0.2748663248271487
1754932688.7443168,528,135,143.73978808699582,-1.784241436666032,-0.03767854283518738,1.8008448925326483,0.2667456241798166
1754932688.8129568,531,137,143.4957291508848,-1.7849994961638302,-0.04627999142128999,1.8018349591111957,0.27513685378521785
1754932688.842649,533,138,142.50962353309214,-1.7834501803733613,-0.03941541609895074,1.7987891005126366,0.275886623968292
1754932688.9115908,535,140,142.8460569608772,-1.78520601172956,-0.03791375812501726,1.7988794650664675,0.2703737396567137
1754932688.939434,536,141,143.1467868714033,-1.7828655275251877,-0.04618165131315766,1.8017278081479136,0.2745408756062827
1754932689.011783,539,143,142.60391287601843,-1.7818307663046498,-0.03978595619505918,1.8021695051918316,0.27552376790155736
1754932689.039297,539,144,142.94590987756902,-1.7842520952260823,-0.05004717198570832,1.80067753004765,0.28254102593795477
1754932689.109976,541,146,143.23526959158767,-1.7841322470759373,-0.040528947291212286,1.8005673844442303,0.2747352768730342
1754932689.138835,542,147,142.46739898295988,-1.7822253813588922,-0.0426221418508925,1.7955275039493503,0.2830436006628142
1754932689.2090392,543,150,142.4753685079448,-1.7791508618151453,-0.045253884947718065,1.803261801108664,0.27758298527383135
1754932689.23667,543,151,141.7196689354831,-1.7808859841030809,-0.03669252918759043,1.7978124454612565,0.2793351093962887
1754932689.307319,543,153,143.3762337705287,-1.784686229541088,-0.052126343273229514,1.8009751131500418,0.2764009161443614
1754932689.3374798,543,154,142.364823073758,-1.7817741517124996,-0.035784596041398935,1.8033074548562407,0.26560991180375315
1754932689.376537,543,156,142.4971891617069,-1.7797475660985775,-0.05575136038836305,1.803526254909331,0.2817840072900505
1754932689.437682,543,158,142.77225863871715,-1.7843969808299947,-0.03668120540064431,1.8008159846801601,0.27032251086995496
1754932689.468616,543,160,143.2476504681803,-1.7791047731880731,-0.041996734167284375,1.8029054849522217,0.2784262310249594
1754932689.537746,542,162,142.22984123629485,-1.783219342304892,-0.04677721952469487,1.7998679208285888,0.27677825088882213
1754932689.5684822,541,163,142.6286045098664,-1.7856914078327055,-0.039499132107259104,1.7984839239149124,0.2743072169991091
1754932689.638485,540,166,142.88613468281508,-1.779116821868488,-0.05083038633876241,1.8035332951445635,0.2790190085123003
1754932689.666074,539,168,143.11431661901503,-1.7838993631479467,-0.044684137339991006,1.8026631572331655,0.2726604668044155
1754932689.735671,537,170,143.25492053428889,-1.780090813941151,-0.047745859136812466,1.8019888326479638,0.27455810317382306
1754932689.76528,536,172,142.49221940464318,-1.783697452446324,-0.04882836724243001,1.796804497004528,0.2820677309866548
1754932689.8356102,533,175,143.35179015653728,-1.7836106398446476,-0.04429840784615072,1.8009002152720728,0.2731768245943079
1754932689.864158,532,176,142.39140186138545,-1.7817624768447364,-0.0412302504247151,1.80133034429694,0.2727474287668798
1754932689.93648,528,179,143.27235479089032,-1.7836798463100758,-0.05281743726305226,1.8035505541246828,0.27901766675680145
1754932689.962636,527,181,143.66091505307205,-1.7823651253486885,-0.05264355634271747,1.8039899039300242,0.2786725937307607
1754932690.032088,523,184,140.09471101656007,-1.7841888654387277,-0.05144082691911292,1.7988167069942207,0.27504120730894016
1754932690.062995,521,185,141.41907527628737,-1.7867988065291058,-0.05231830564378714,1.8063836191889147,0.2592348883472222
1754932690.094443,519,187,140.4251271759707,-1.7893830039810048,-0.06232380144838676,1.8018333788936303,0.2732924685878763
1754932690.168113,514,190,141.54826288408907,-1.7888478655925233,-0.05285957518616746,1.7999459111097131,0.27179186150812784
1754932690.194052,512,192,141.28436984768365,-1.782630370464917,-0.04119939701864785,1.7990872597175274,0.27358619593167754
1754932690.264579,507,195,141.4627737039867,-1.7803511641832308,-0.04852151203298272,1.796232696882331,0.2841603600037017
1754932690.293015,505,196,142.51862212175917,-1.7842878844948697,-0.038375627547700235,1.798003615124246,0.27480588677745843
1754932690.3643289,499,200,142.43695057658942,-1.7797260983982783,-0.046490422538515784,1.8033740734460941,0.2800012035482706
1754932690.3919392,496,201,142.39067341540706,-1.7817410790078778,-0.04660496236166809,1.8031864743854804,0.2821357878311117
1754932690.4631848,490,205,141.42571917673678,-1.7813656668857487,-0.048603612583159046,1.7997397791785683,0.2905655012692617
1754932690.492521,487,206,142.95925626713029,-1.780676589046018,-0.04088753399343941,1.804352570960546,0.27694367251564544
1754932690.556381,481,210,141.6406456935151,-1.7798989374348757,-0.05070907987902457,1.7966366914334193,0.2902322206593727
1754932690.590067,478,211,142.65509837848117,-1.779366497347521,-0.04051550116402158,1.8003860096463387,0.28204735172531115
1754932690.654958,471,215,142.52786173918793,-1.7761224277781413,-0.054981738534799346,1.8004448802945574,0.2929904928745671
1754932690.6886342,468,216,142.64242293407906,-1.7811776376036712,-0.05140064067628151,1.7996077124167298,0.28416805848209065
1754932690.7221172,464,218,143.1239710156431,-1.7823178967842543,-0.0512138306667445,1.8015345542751413,0.2779062125727167
1754932690.789873,457,222,142.2720528655752,-1.7796234331269787,-0.06121830208427532,1.8007650018544492,0.28694994789048656
1754932690.821409,453,223,142.62511229041456,-1.7836976202891741,-0.04556247279586299,1.7977301483088401,0.27683631156982846
1754932690.89262,446,227,143.64181082166382,-1.7848449946881217,-0.04963365521111286,1.8027331154710706,0.2749410057338431
1754932690.920182,442,229,142.32296418943602,-1.7809905964448314,-0.05468666833652016,1.800222069985086,0.28002215873260194
1754932690.992408,434,232,143.33248913966239,-1.7839393178050191,-0.05011340320513328,1.8019881635841297,0.2748037114790277
1754932691.018879,430,234,142.6705808046187,-1.7807363150141364,-0.05084522700888064,1.8057863148465956,0.27911214285683134
1754932691.09312,422,237,142.0999553238715,-1.782483731211163,-0.04503447520016815,1.7983279646606702,0.28448795868813437
1754932691.117223,418,239,142.57725045285335,-1.7818902421656773,-0.05357984483904085,1.8039200131897821,0.2787518492325424
1754932691.1883159,409,243,142.79882869964686,-1.781523535058813,-0.04786137376435655,1.7987403471739218,0.2813076019721845
1754932691.2167091,405,244,142.4211313421864,-1.7830698056134935,-0.04404244309487003,1.7984492889370023,0.2772963184145426
1754932691.288523,396,248,141.77300771754324,-1.7802452043081312,-0.05310443136917585,1.795892785581048,0.2887339627466672
1754932691.315136,392,249,142.8977042188538,-1.7839593329198808,-0.04294409952672103,1.7983795757150596,0.27828832796544556
1754932691.35091,388,251,142.15520368143152,-1.7834979649881348,-0.05708220423817607,1.7975849589922128,0.2840216962815902
1754932691.420948,379,255,143.30614064603563,-1.782445441750459,-0.030832986449567647,1.8003784245166392,0.2719078928614216
1754932691.448111,374,256,143.71491219970935,-1.7838980305642302,-0.04592455153926473,1.8025382352685309,0.2745660766560095
1754932691.5194209,365,260,142.45979666214296,-1.7808376447855794,-0.042061250974564236,1.8020356599244043,0.27492987810412506
1754932691.5471418,361,262,143.22629037571647,-1.7840477929761889,-0.04848501242622673,1.8032643207385861,0.27520177258913625
1754932691.618568,351,265,142.66508851551154,-1.777924834642307,-0.04986371951176227,1.8045298449507523,0.28324091770968296
1754932691.645927,347,267,142.86918110279183,-1.7828669573029687,-0.04516899328162858,1.799933024676094,0.27669632778952713
1754932691.718008,338,270,142.1640254335586,-1.7822435136857762,-0.04929413037276931,1.7982797842817437,0.28286354185792323
1754932691.74459,333,272,143.46768742955942,-1.7823598464808545,-0.04950018148837219,1.8023284649933629,0.2817860083043967
1754932691.816549,324,275,143.17657645167824,-1.7825920706616911,-0.05748360322278718,1.8036564077902988,0.2778832390818017
1754932691.843134,319,277,142.91005432675522,-1.784578148291012,-0.05108501425724333,1.7983822880277651,0.28227473897943023
1754932691.914023,310,280,142.78075537316343,-1.781333869522202,-0.049683243479441246,1.8015977508614995,0.2858197806800429
1754932691.944393,305,282,142.9643247413029,-1.783383893304439,-0.05263257124812197,1.8008944619475804,0.2846649842965147
1754932691.9765031,301,283,143.196723303491,-1.7862654087838872,-0.05355181430496986,1.7969214712382653,0.2868241116877645
1754932692.0479848,291,287,143.2091375235016,-1.7819426635743838,-0.04080572898325175,1.803971652882242,0.2749059790857694
1754932692.075393,287,288,142.96941797688606,-1.7826746711811492,-0.05237238542270955,1.8005590706298553,0.282887798172448
1754932692.146697,277,291,142.52814333664597,-1.7821089449332985,-0.04467344478887418,1.797470398995911,0.28316894081808136
1754932692.173559,273,293,141.79008728167778,-1.7852432937315248,-0.06351957621012178,1.7982141313203794,0.2831316672962294
1754932692.246271,264,296,143.8759790531715,-1.7855179795254497,-0.048781521738481666,1.8016329635405521,0.27938468855599224
1754932692.2729092,260,297,143.4137939692745,-1.7826622648070296,-0.05392884493071541,1.7982917020181417,0.284739271162536
1754932692.3449862,250,301,143.04931321703265,-1.7860163574573336,-0.05495543438539656,1.7955885931602682,0.2902250092178428
1754932692.371237,246,302,142.52036229848477,-1.7836192501686938,-0.05652702808770951,1.8006699707084193,0.2792765059055992
1754932692.442861,237,305,142.84535945119097,-1.7832378701683453,-0.04937811534365226,1.8036930870578038,0.2753753288946739
1754932692.4707782,233,306,142.459477869506,-1.7841272069091827,-0.048258281615148745,1.8019057804586465,0.27178154515352737
1754932692.542507,224,309,142.18723222409548,-1.7884575140501475,-0.056391303875074475,1.7929258142198625,0.28517405901672116
1754932692.569668,221,311,143.44806411097932,-1.7853175873301268,-0.056679489709142175,1.7986798639768085,0.2804890070972314
1754932692.6032598,216,312,142.34798290955288,-1.7843277806629547,-0.045952450764829324,1.8003706921627916,0.27580048242690436
1754932692.6746309,208,315,143.04519581967827,-1.7839349941172151,-0.0478949369916306,1.8010662945298197,0.2802606734139845
1754932692.7023518,204,316,142.57372499942136,-1.7793624156373118,-0.05810548541566002,1.8026882202364714,0.2879527809295976
1754932692.773845,196,319,142.65791378651804,-1.7853717940263487,-0.05186607491370573,1.7982903316404557,0.2839904356490301
1754932692.801142,192,320,143.43076018767601,-1.7811020202228391,-0.060501261457137,1.7994175670907018,0.29063272091973746
1754932692.873355,185,320,142.1785609750968,-1.7859619122926687,-0.04670004434122131,1.7986700525002612,0.27876440953403014
1754932692.9001758,181,320,142.7490543871222,-1.7855471307047759,-0.06689951256823408,1.799124922422126,0.2824329185945573
1754932692.9716291,174,320,143.420812491326,-1.7875790857325953,-0.05512751410614128,1.7966951003568585,0.2830028959828102
1754932692.998842,171,320,143.3675170997504,-1.7919160928977615,-0.051059950718674765,1.7969815766397437,0.2783091787975068
1754932693.0691772,164,320,142.36392503609753,-1.7817199688251726,-0.05800826530153075,1.8028699939859085,0.2818588792813314
1754932693.097009,161,320,142.5969052768809,-1.7860456397969047,-0.05712681384899072,1.7962492173946922,0.2863984182446849
1754932693.16908,154,320,142.88865698899508,-1.784006755588689,-0.055999411573636505,1.7983672728100766,0.2815328574909501
1754932693.196673,151,320,142.87875001362562,-1.7874028959993242,-0.060589516947764904,1.7968222812931722,0.2855907184444081
1754932693.230381,148,320,142.62041077896046,-1.7845173167628205,-0.0568298302275152,1.7987140069162386,0.2804406998138789
1754932693.301934,142,320,142.60474795918796,-1.7875660293293492,-0.06397590728630285,1.798375413472835,0.2807376958735477
1754932693.329438,139,320,142.70042727534457,-1.7821198055132823,-0.052533050986325984,1.798102096122811,0.2792800163843892
1754932693.4018612,134,320,143.4341628019599,-1.7871225025166222,-0.04794497309887407,1.800863667698637,0.27330170108782875
1754932693.427828,131,320,142.50845772326005,-1.783764566882244,-0.049831003609889256,1.802481451068569,0.2766897114369284
1754932693.499145,126,320,142.61778684185484,-1.7850417819313342,-0.05283714612223139,1.8004200179598115,0.2809209470610969
1754932693.5262039,124,320,143.43170994490993,-1.7846501809011084,-0.05984149716036661,1.802495042787785,0.28127945269484933
1754932693.598806,120,320,142.44714167545487,-1.7862537585301863,-0.05433950797719165,1.7979117744129032,0.2814452159934693
1754932693.625785,118,320,142.57328561909281,-1.7838106147676294,-0.052546008919504,1.7981424749065529,0.28464816504753976
1754932693.697877,114,320,142.41543242632574,-1.781077502803211,-0.058941703686640666,1.8003447058555873,0.2820500501870193
1754932693.724907,112,320,143.81320236655932,-1.7880032770388279,-0.059963772271799935,1.798673041164068,0.282174475986105
1754932693.795496,109,320,143.32758695108296,-1.7842527721479775,-0.0528569268996361,1.8008428287331069,0.2809239070723182
1754932693.8239,107,320,143.18503645418954,-1.7893318774152294,-0.061955385930789274,1.7968498016095444,0.28260999241794554
1754932693.85624,106,320,143.3934144031944,-1.7873827314912283,-0.057588400787710874,1.7974315926344866,0.2826057394803552
1754932693.9289799,103,320,143.2603945700488,-1.7835796871282394,-0.05903642775528885,1.7988173063447996,0.28215870914063046
1754932693.956338,102,320,143.8320571534642,-1.782163883357017,-0.0555883607902696,1.8020362572955382,0.28191470761513093
1754932694.0268512,100,320,143.90928896392342,-1.7906110885739288,-0.05662848798329114,1.799120795635772,0.27610584705726837
1754932694.055276,99,320,142.71967472068386,-1.7822820437311189,-0.0759655215978757,1.7982537809566115,0.2943797148664859
1754932694.1263208,98,320,143.60993361314428,-1.7866674613745448,-0.05669801957132408,1.7992068610931629,0.27921646428824753
1754932694.1538198,97,320,142.47999051860606,-1.7815249472980856,-0.06119573020101967,1.7991015241962498,0.2822057668761208
1754932694.225358,96,320,143.01921290714662,-1.790875933608689,-0.05779931158429809,1.7957269592626817,0.2857206097531013
1754932694.2528389,96,320,143.62622485118138,-1.7849790499479985,-0.06420623851621281,1.8006888133047319,0.284226462188434
1754932694.322732,96,320,143.28709059952155,-1.7857137601171849,-0.060912197130620994,1.7975242306278842,0.2892215156043219
1754932694.351823,96,320,143.54547745552534,-1.7841441240995777,-0.0541671752025023,1.8005303501778414,0.2783385757681547
1754932694.423947,96,320,143.67180122388456,-1.7838616938707796,-0.05681985583995337,1.802472558362695,0.2775528980992678
1754932694.450936,96,320,142.6317588357809,-1.7813628048255394,-0.06250505606447503,1.8005836292919635,0.28975560946303447
1754932694.4841669,96,320,143.0862291352707,-1.7842809500725831,-0.06654554410692487,1.7967453095102779,0.28845258816533104
1754932694.5560582,97,320,143.56953144726097,-1.7856101677168803,-0.0630701394526157,1.7992352407235976,0.2845419270628883
1754932694.583166,98,320,142.42346122142007,-1.7796870805622163,-0.07606329226978237,1.79825120882623,0.29530925694445204
1754932694.654894,100,320,143.48186380983995,-1.7884489471496583,-0.05633879011493417,1.7946699463379974,0.2851544651244324
1754932694.682194,101,320,142.58514127276266,-1.7849121478032737,-0.06951106224670763,1.7995723978364557,0.2830859536996658
1754932694.7537432,103,320,142.43085016276314,-1.7818157921872444,-0.07298208170991845,1.8001182673424134,0.28288087440650506
1754932694.780729,104,320,142.4618679231201,-1.7888843741281077,-0.05640589928848522,1.7945017489396735,0.28618402966213796
1754932694.852631,107,320,142.16178809044993,-1.7826725591508568,-0.06770333312967423,1.7994083230756097,0.2871773886664748
1754932694.87998,108,320,142.58689631683305,-1.782864905036096,-0.06786083062829942,1.7974006387954107,0.2889072963347134
1754932694.951936,112,320,143.13207943253516,-1.7876002257536037,-0.06252757658918365,1.7986682761893342,0.2790880513231975
1754932694.9789171,113,320,143.0217322409148,-1.7828199527176076,-0.06860802488978304,1.8040923337559713,0.2848061891612828
1754932695.050522,117,320,142.98052888340905,-1.782030037763977,-0.06656906688414113,1.8008885795781808,0.29062422969086654
1754932695.0777202,119,320,142.4319433002613,-1.7870675949497217,-0.05907082508636912,1.7957139531214863,0.2824878027600387
1754932695.111289,121,320,142.19082666335916,-1.7864410962497883,-0.06945806158360883,1.797257537193037,0.2847353795839218
1754932695.1829581,126,320,142.29955932205246,-1.784583149102215,-0.06603350872471737,1.7981285517154237,0.28587558791378676
1754932695.210081,128,320,143.31654382206523,-1.7845911425603425,-0.06645506776571748,1.7976362140133557,0.29288740484908987
1754932695.283377,133,320,143.0577870707022,-1.783039483250777,-0.06729186107532929,1.7984468711892598,0.2861137906802299
1754932695.3095171,136,320,142.72532270557576,-1.7871271138134905,-0.060407181412405336,1.7954826003731863,0.28533652444881347
1754932695.3806121,141,320,142.58069592642866,-1.7898650906875615,-0.08208334010414937,1.7956830345296706,0.28632484970751904
1754932695.408066,144,320,142.94952082837176,-1.7866235011967921,-0.05619801932876783,1.7984788053122305,0.28500678616991104
1754932695.4792361,150,320,142.36689908703147,-1.7814305356460267,-0.07354709068098603,1.8001940930938247,0.28672694547073563
1754932695.5062551,153,320,142.5501766964284,-1.7877374618906212,-0.06508555195751158,1.7964633558008751,0.28622902643046577
1754932695.5780668,159,320,143.12202670752245,-1.7874384390361955,-0.07354322248023167,1.7968529792299128,0.2904301993262364
1754932695.6064498,163,320,142.8761352941097,-1.7828018510839079,-0.07252603268979887,1.7988709195079637,0.2898430298061846
1754932695.6767738,170,320,142.70470949320335,-1.7841691937411288,-0.07174833508441217,1.792867965904219,0.29607434824500145
1754932695.706916,173,320,143.11723309652652,-1.7828571796072805,-0.069083303853122,1.79908342017903,0.2961662274323733
1754932695.775425,180,320,143.2681367602777,-1.7829705468965757,-0.06602262927318893,1.800450954447488,0.2895770265944807
1754932695.804085,184,320,143.51859410341405,-1.7854263620991808,-0.05995063360702293,1.7990677538365276,0.283515760608752
1754932695.8387442,187,320,142.32178612175457,-1.7854157275220495,-0.06965731937395406,1.7998539703152063,0.2833358211219522
1754932695.907281,195,320,143.03503969479252,-1.7832856879683427,-0.06302851129377367,1.8037338547876873,0.28030531878100057
1754932695.936158,199,320,142.67442605173704,-1.7857616118463064,-0.07057224753138243,1.796717628669362,0.2891129394545781
1754932696.007275,207,320,143.39639570400527,-1.783063831737725,-0.06652097370525167,1.800162752230134,0.29354264194181234
1754932696.03516,211,320,142.49466342845332,-1.78409635813363,-0.06263432265072053,1.7986031241776326,0.2859964635122502
1754932696.1069188,219,320,142.77242143749078,-1.7830248318503907,-0.07725414081023449,1.7994121612871017,0.2896569217862021
1754932696.133719,223,320,143.31031763972706,-1.7884135482831809,-0.0709488234985204,1.7945083544791378,0.29189547960434314
1754932696.205643,232,320,142.7697449126266,-1.7847143543908168,-0.07440940926219004,1.7971893791737599,0.2978068495105914
1754932696.232668,236,320,143.0722419222495,-1.7867203962952627,-0.06712013461167315,1.7930407104918602,0.2948179442738044
1754932696.30447,245,320,142.7997519146964,-1.7824244360223573,-0.06655681718144893,1.7979899352677942,0.28836780432667164
1754932696.33183,249,320,142.2432607956757,-1.7858285655525872,-0.060721967191056894,1.795341291937772,0.28569882392040713
1754932696.401792,258,320,143.4068382670172,-1.784518481522218,-0.08257814172781934,1.8016556820618692,0.2913251396802294
1754932696.430569,262,320,142.6523785616508,-1.7850531806238994,-0.06511480212210614,1.7945956883288732,0.2924304426869596
1754932696.465618,267,320,142.65129127145735,-1.787009750644799,-0.05679258450755339,1.7994440221247536,0.2782247450068248
1754932696.5352068,276,320,143.0165597366136,-1.7854921797358136,-0.07283142207812451,1.8018641057896432,0.288636579685299
1754932696.562863,280,320,142.98618949247265,-1.7860366197262794,-0.06375337431720023,1.7992473447421578,0.2844242080371087
1754932696.632714,290,319,142.94338425705786,-1.781607459466571,-0.06245211551337584,1.802352250041237,0.2816405864586032
1754932696.662231,294,317,142.21653074305263,-1.7798659217921582,-0.07757349104412938,1.7971614793370978,0.30168296877279976
1754932696.7337542,304,315,143.1134995137808,-1.7873481312590636,-0.06867840138422772,1.7924011453104616,0.29759454159600335
1754932696.76051,308,313,144.3405470245912,-1.7854325696670743,-0.07435942700156269,1.803074596293369,0.28808465389247245
1754932696.8328378,318,311,141.98301074892748,-1.782528771967589,-0.07363805093189454,1.7983457823020332,0.2902413394480691
1754932696.860115,322,309,142.74222295333527,-1.7835059564395441,-0.07105092449500676,1.7977351387716214,0.2894883430373413
1754932696.930337,332,306,143.04453164455924,-1.7851084693555233,-0.07658795151169878,1.796803856818759,0.2912238147697124
1754932696.959093,336,305,143.34257378587748,-1.784856907180639,-0.06800790482961694,1.8003892429233403,0.2883490639849881
1754932697.02746,345,302,142.65110777072763,-1.7845007210089163,-0.07642922546561674,1.7991459646904746,0.28737490124422194
1754932697.057753,350,301,142.65269515305735,-1.7862569957719676,-0.06416471494572812,1.7980361447989865,0.28344380342759423
1754932697.091241,354,299,142.49545262168272,-1.7812997425534127,-0.0663020460418359,1.801347654504741,0.28934963276537173
1754932697.16419,364,296,141.98735481627224,-1.7814398254841275,-0.07367563035917019,1.799686038229233,0.2907104479660958
1754932697.190271,368,294,141.8627878256798,-1.784885143231457,-0.0642149332781985,1.7952033039040531,0.2862937117108147
1754932697.261769,377,291,142.59005295761565,-1.7835574252807442,-0.06759297536752536,1.7985864920898174,0.29130530081320527
1754932697.288693,382,290,142.6455580625014,-1.7826740187297405,-0.07044237689562242,1.7989904985691552,0.2894064519795464
1754932697.360503,391,286,142.51924866199568,-1.7858032640646253,-0.07303865142275406,1.7979025022464485,0.2904277074150868
1754932697.3881412,395,285,142.58651173184614,-1.78261964049222,-0.06950185698051528,1.8005361312190853,0.2858685817756449
1754932697.4575229,404,282,141.91781084640664,-1.7852845207646957,-0.0713314412943893,1.7969532931393186,0.2872147708682545
1754932697.488235,408,280,141.94114781060105,-1.7820165824175807,-0.07224288495921619,1.7963093580050762,0.2926555178294741
1754932697.558336,417,277,142.05712277755143,-1.7826293790552388,-0.0667845255142489,1.7976601620116743,0.28851283092829944
1754932697.585888,420,275,143.47847926015876,-1.7859305926108524,-0.0722487067295316,1.7988441649615512,0.28395684210377903
1754932697.6570518,429,272,142.86507975612062,-1.7840260692809493,-0.07056012790000896,1.799835085263233,0.2838228376543814
1754932697.684661,433,270,142.21371541493002,-1.7826874424414938,-0.07351740723018389,1.7980312393238012,0.2862332994209787
1754932697.719744,437,268,142.60329590440548,-1.7865423817544368,-0.06885123209808897,1.796252768596129,0.28673346498160973
1754932697.787088,444,265,143.31451666506482,-1.7854523493424816,-0.07144225992141699,1.8010687436751445,0.28792254447147314
1754932697.817442,448,263,142.10584052851118,-1.7780269084552116,-0.07219131510503399,1.8000491065940871,0.2922159260792059
1754932697.8879192,456,260,143.62178400929017,-1.7863660023226282,-0.06947719537362727,1.7981418217227716,0.285412319638015
1754932697.917933,460,258,142.0456300428138,-1.7839636953714515,-0.0791288091393528,1.7974566689103206,0.29199199402509274
1754932697.986773,467,255,143.3596405518148,-1.7824435226634787,-0.07555220768521034,1.7975906458635762,0.29479581673301125
1754932698.015098,470,253,143.47862547732706,-1.783773728207595,-0.07205845909296875,1.798758274088207,0.28851511639184596
1754932698.086584,477,249,142.47687773640993,-1.7850856409003673,-0.0751777727379769,1.800214273967266,0.29123161947717024
1754932698.114026,480,248,142.17404947393896,-1.7824255585777322,-0.06146137720140656,1.8017449683308089,0.2821446812447022
1754932698.185133,487,244,141.96689658597205,-1.7826194131346793,-0.06693777798444053,1.800903784167892,0.2854359326827813
1754932698.213274,490,243,142.53600299728632,-1.7892178973305382,-0.054441748569223625,1.7967942294801078,0.27632380116542515
1754932698.283846,496,239,142.55688171895534,-1.7881741214213525,-0.06514764940702372,1.795556845578553,0.2967557693328916
1754932698.311729,498,237,142.89759624118824,-1.7896580825564328,-0.050979905890969616,1.7913878350077512,0.2903192644791897
1754932698.347672,501,235,142.26610254074376,-1.7903883558904627,-0.025879535595209526,1.7956515469971444,0.25911984071410804
1754932698.4161038,506,232,141.80191891773282,-1.7879758787626767,-0.029895907636908334,1.8020750773105985,0.2468212463188717
1754932698.443346,509,230,142.077752169846,-1.7906526901890558,-0.02153507135369826,1.799540991744483,0.23645713444789038
1754932698.513398,514,227,142.62915718942293,-1.7861869363988103,-0.0014960520942368567,1.8047925688798958,0.21640457880991687
1754932698.543372,516,225,142.4147736199502,-1.7861130517658799,0.001240039348041243,1.8075172968744242,0.22199334317951064
1754932698.612181,520,222,141.11452204096224,-1.786757615795124,0.016106610139811236,1.8025104182570622,0.21560649719074262
1754932698.643583,522,220,140.96916719625952,-1.7821019275884138,0.01337406346502519,1.8061142734973614,0.21510412612291033
1754932698.711804,526,217,140.08202340610183,-1.7783110980348276,0.0013326142110100328,1.799371429283707,0.24177188616288378
1754932698.740183,528,215,141.55546630762518,-1.7818854711293752,-0.003102380196690998,1.8039585424102584,0.2349865797800326
1754932698.8136399,531,211,141.02229001012745,-1.7752769379100881,-0.00041140774936085844,1.807512642935003,0.24672061642158186
1754932698.840043,532,210,141.42903865509209,-1.779041712107831,0.002440955213328478,1.8026341696892165,0.24482672208623824
1754932698.911121,535,206,140.89917351026412,-1.7768714011238793,-0.005460102637458442,1.8043886525625707,0.24882889260471694
1754932698.938964,536,205,141.4148795237311,-1.7770423492772807,0.0033324480346854472,1.8059212701386653,0.24145177810110915
1754932698.973535,538,203,140.7675765325757,-1.7741647834936247,-0.0029893671365637765,1.8065107913472016,0.25390356737277436
1754932699.043317,539,200,140.50371571513423,-1.7776794709099064,-0.012253431181433124,1.803381482219025,0.25299099497446176
1754932699.071409,540,198,141.2222616921824,-1.7785942522953857,-0.01850437296904117,1.8041334873094246,0.26015604816276666
1754932699.14339,542,195,141.51755718006805,-1.775396780603507,-0.007273821301736446,1.806156639793414,0.2555079599473296
1754932699.170238,542,193,140.51378427822692,-1.776143426467823,0.0012594812180716066,1.8011407744725776,0.2513468699020577
1754932699.242134,543,190,141.69981489327805,-1.7734649520339147,-0.011863469863609992,1.8045852601730834,0.26176037067975416
1754932699.2687302,543,188,141.30665377579837,-1.7761505295032036,-0.005811732418780231,1.8069257280900366,0.2552926585888217
1754932699.3404548,543,185,140.2603433471553,-1.7772741693673981,-0.0073387526545807096,1.817339917067209,0.23263407971845187
1754932699.3679638,543,184,142.02170746741473,-1.7808798750331927,0.00933592480811886,1.8173650559824657,0.22801598592375996
1754932699.43823,543,181,142.68292127394997,-1.7748485021475064,0.010767936268725055,1.8191785189885716,0.23808190595055298
1754932699.466969,543,179,143.27316524756736,-1.7725984883179882,0.0033498755802321587,1.8134766953360735,0.26098103173294723
1754932699.536462,542,176,141.3137200305579,-1.7739059913318824,-0.0053269341180618955,1.80313954562566,0.27472222178182676
1754932699.566713,541,175,140.45364174622986,-1.769788125379522,-0.020073393737586733,1.802760395954889,0.2880785605475859
1754932699.599113,541,173,140.82057404647927,-1.7724459427098922,-0.0322102442514465,1.8078651006055857,0.28029085805302323
1754932699.670621,539,170,141.22821604694306,-1.7665512917485,-0.03505180378185772,1.8112852368253367,0.2795257167751504
1754932699.698453,538,169,141.02268946985188,-1.7724486349122213,-0.031652013068354065,1.8057043103138588,0.2816334366683402
1754932699.767405,536,166,141.03595189826646,-1.7695391545483783,-0.03046326669095621,1.8098999487768883,0.2798976118749762
1754932699.799646,534,165,141.06081682632316,-1.7717925439709021,-0.032455958728753294,1.8081224856982685,0.27818092132558614
1754932699.866524,532,162,141.593274087261,-1.7675270701944992,-0.02441509841187034,1.8141968058262758,0.26819984811865544
1754932699.896184,530,161,141.4348795207237,-1.7720498844219532,-0.019384096794307543,1.8070023616650408,0.27063969645095376
1754932699.9661682,527,158,141.63660697558254,-1.773827641638282,-0.02275247535726971,1.808181352227038,0.2701874629183232
1754932699.994875,525,157,141.90402198895958,-1.7711581391487807,-0.023828199449196827,1.8102762560789107,0.2713551457440337
1754932700.066273,521,154,141.27319808723735,-1.7729050149372845,-0.02958094468405824,1.8067850335845144,0.27638752341957595
1754932700.0931158,519,153,141.83462585584945,-1.773015882308533,-0.022309545983887,1.8084293355248768,0.2655832061278491
1754932700.16525,514,151,141.52257628170915,-1.7721731079518988,-0.01998979413792354,1.802965223001742,0.27862487578523876
1754932700.192687,512,150,141.33337016422774,-1.7687283846370228,-0.01844556899826056,1.809268549084416,0.27555644267976015
1754932700.2271638,510,149,140.52717450670426,-1.7730213720798578,-0.007933575810277335,1.8065663124574476,0.2649529398488533
1754932700.2974231,505,146,141.27037407908338,-1.7724073688396924,-0.011034681276407061,1.806550719507057,0.2728596703119477
1754932700.3250098,502,145,141.28849235036682,-1.7702159029905409,-0.02060903852682057,1.8061451521523204,0.27469028802680123
1754932700.3963552,496,143,141.25578810751244,-1.7698907378875925,-0.019726860964424348,1.808783565068534,0.2741112784931371
1754932700.424545,494,142,141.0681867977449,-1.7710514276742912,-0.014097481498411515,1.8034400214739417,0.2732615020804088
1754932700.495782,487,140,140.75631415886667,-1.771055382582399,-0.02590619612256293,1.8055742704188809,0.2772980276167446
1754932700.522584,485,139,141.2633517226066,-1.7701986362752378,-0.020222416592149045,1.8068508714926537,0.2748798327192306
1754932700.5945501,478,137,140.80561458843977,-1.7698692235628999,-0.020947581458426318,1.8043641437316107,0.2794852498337491
1754932700.6212852,475,136,141.98223028381076,-1.774623514680863,-0.02744021395676578,1.806426892983632,0.27435755736480355
1754932700.694272,468,135,141.53637648132369,-1.7725168757673118,-0.0326530853793,1.8046526075153377,0.2795429710467016
1754932700.72068,465,134,142.27705408962666,-1.7739118106078324,-0.029384605027863633,1.8063481365157394,0.27376639906156874
1754932700.7906592,457,132,141.6102363040735,-1.7749796555424722,-0.03541931419867013,1.807681568766807,0.27203394914488715
1754932700.820767,454,131,141.49713101271047,-1.7701863968854243,-0.029425336458755686,1.808128244834321,0.2826333703460695
1754932700.853826,450,131,141.96821911052996,-1.7701007938326692,-0.022744180110425123,1.80880653802659,0.27622904227837497
1754932700.925098,442,129,141.249977114947,-1.772531787209039,-0.020110044174877065,1.8016528445103912,0.2847634652276596
1754932700.952383,438,129,141.70590663840386,-1.7738119686697793,-0.030493426188184267,1.8052430062160947,0.28277572666358247
1754932701.0235462,430,127,140.993247745408,-1.7739174816478231,-0.029543513930126452,1.8045650387018355,0.27722639726959
1754932701.0511339,426,127,141.2853417245142,-1.7745326979602962,-0.03321612094243025,1.8032908769910303,0.2805613801202823
1754932701.122192,418,126,142.08124773471326,-1.7728489897042137,-0.028009745586600965,1.80613808851034,0.2727905427898379
1754932701.149438,414,125,140.9312806212614,-1.7708853036215317,-0.030153417315221802,1.8043361834318539,0.27642554921849016
1754932701.222404,405,124,140.6397715884353,-1.7716810653119883,-0.0323398041043263,1.8047389517481354,0.2788803098328079
1754932701.248964,401,124,141.4644371827842,-1.7714272214253899,-0.023900124770648908,1.8064731831109266,0.27506099682455315
1754932701.3210409,392,123,140.68158463630246,-1.7716056766981023,-0.02295059459462861,1.8047845498090036,0.2698315594363135
1754932701.34795,388,122,140.90499662728863,-1.7725433055265565,-0.019893197380607023,1.8040746710817446,0.2751427124924269
1754932701.418561,379,122,141.23036644763133,-1.774537810081961,-0.021874059000341967,1.8006052810720392,0.28038165113776714
1754932701.446749,374,121,141.35038478010708,-1.7743679871341893,-0.021198337623238337,1.8041417589372817,0.2762719722112087
1754932701.5170329,365,121,142.38973691103058,-1.7745485199162994,-0.02958862188168365,1.8097418425708243,0.2737638674911355
1754932701.5470028,361,121,142.08326176328288,-1.7740290956479159,-0.0167697051154896,1.8082198043374138,0.2621514958695207
1754932701.5797188,356,120,142.06554197781324,-1.7772137430328276,-0.0210510239234466,1.8021994096563907,0.2700877532254583
1754932701.6476202,347,120,141.0872143737893,-1.7729172505240962,-0.026964142057215444,1.80809284149358,0.2680561456455554
1754932701.6792488,343,120,141.6098408679804,-1.7717637837638471,-0.018666115873187405,1.8075122270663602,0.26976270765727933
1754932701.747666,333,120,141.66315021824826,-1.772511382893532,-0.01464981802259586,1.8102566508824234,0.26485278803003215
1754932701.777215,329,120,141.36195378896352,-1.7722624410503964,-0.020579251703936603,1.8062208117776477,0.27395496244752005
1754932701.8482041,319,120,141.3085887676629,-1.7731854823349966,-0.027394232598806453,1.805716707837536,0.27858003873461334
1754932701.876357,315,120,141.63061999710374,-1.7735108785979385,-0.025897541727903567,1.8082842327645696,0.27878097539404006
1754932701.9479191,305,120,141.27835206376741,-1.770089511355602,-0.027491560014410586,1.8084457214654885,0.27603941976184876
1754932701.975074,301,120,142.21959399462472,-1.7688949960974127,-0.01935720396521459,1.8079631839400416,0.27301094869900855
1754932702.045952,291,120,140.2871578309446,-1.7749573299424601,-0.021145942391606904,1.8033057045864205,0.27399937219562226
1754932702.073817,287,120,141.56618607909172,-1.7721676249737244,-0.024913203039401983,1.8063595716278458,0.27309263010150414
1754932702.144486,278,121,142.72208307210653,-1.7738870199318044,-0.02488936184953112,1.8088848447475019,0.2738109294073467
1754932702.172978,273,121,141.44553512532437,-1.773237216717081,-0.024530632156321026,1.8085775540255569,0.2718675799494882
1754932702.2054431,269,121,141.12699822146774,-1.7716421453843558,-0.027713457786098992,1.8042571623632706,0.27605108787409305
1754932702.276837,259,122,140.92641957143968,-1.7735417827281603,-0.028304122200822134,1.8047258578677603,0.28146795868032387
1754932702.3065631,255,122,141.45942136737995,-1.7739626772637251,-0.0351851520941163,1.806152606583058,0.27872993998838635
1754932702.373727,246,123,141.91794539113872,-1.7724123534142036,-0.02327717302933718,1.8090493080356447,0.2746945528538734
1754932702.405647,242,123,141.94913798867785,-1.7705807837198742,-0.022488653148488684,1.8073352856394205,0.27194201108200267
1754932702.477043,233,124,141.93547353521296,-1.7740667168363822,-0.023555338012194962,1.8096135162398683,0.26188982236893976
1754932702.5028532,229,125,141.04948933522073,-1.7697226715673733,-0.026768212340543166,1.806800117653236,0.2771705591313608
1754932702.574659,220,126,141.70794708451982,-1.7736260791938285,-0.03340357561510865,1.8097598072622816,0.2741863175691689
1754932702.601887,217,126,141.83994467109713,-1.7740084717691047,-0.036698384147044204,1.8076154511080218,0.2783463180806112
1754932702.673749,208,127,141.3259753588234,-1.7713492707689704,-0.032754968162308926,1.8075788931908858,0.2811059078701967
1754932702.701182,204,128,141.89232281685827,-1.7735929443435077,-0.033924268649308226,1.8047301596342025,0.28120805258451
1754932702.7697542,196,129,141.1781360425988,-1.7738801880751207,-0.028020190567635467,1.807387719022755,0.27157400254188574
1754932702.80222,193,130,142.1761424099117,-1.7733710478907387,-0.0260307919339585,1.8052248347137034,0.2743856380082238
1754932702.833867,189,131,141.43360764167795,-1.7722956866728885,-0.026020743016040057,1.8072331184839363,0.27125877130456705
1754932702.904243,181,132,141.4713296471807,-1.7739453781654841,-0.021120910408433592,1.8076065643762373,0.26871894764418286
1754932702.93241,178,133,141.91331774136364,-1.7719797715469907,-0.027111224047569063,1.8116307482955203,0.2622062500913409
1754932703.0028439,170,135,141.61870986927983,-1.7715810639650837,-0.02538293133178996,1.8073516003877044,0.26472127636036014
1754932703.032793,167,136,141.31755975683197,-1.7720101051477792,-0.027809667754554488,1.8060452271843754,0.27118560696690963
1754932703.101584,160,137,142.82386698568658,-1.7730078297030325,-0.024155169687136442,1.8119663201321454,0.2634481461672763
1754932703.130197,157,138,141.28247879919732,-1.7717037383645462,-0.022704257711275266,1.8081387495347083,0.2683435311871505
1754932703.201621,151,140,141.7049872930254,-1.7708670126131814,-0.02895477547566898,1.804539478701683,0.28007598600958267
1754932703.2289338,148,141,142.0303048769789,-1.7759841424892449,-0.023007969670584227,1.8072764087953002,0.26670463340005235
1754932703.298512,142,143,141.39015858340963,-1.7722384479808406,-0.0342866127617889,1.807664327470726,0.2782925654087195
1754932703.3289971,139,144,142.1922717193816,-1.7730880561116182,-0.03374707921658397,1.8085608242739566,0.26874703426201224
1754932703.398658,134,146,142.09597703846325,-1.7724731523282082,-0.02957914964054927,1.808837693930435,0.2695551805222302
1754932703.426649,132,148,141.82798990585636,-1.775151674984093,-0.025930164924421285,1.807262705866348,0.2666642600827105
1754932703.460741,129,149,142.22825026255614,-1.7750254237015184,-0.03133842788946391,1.8097011186159107,0.26128751991145505
1754932703.531137,124,151,142.34373250717775,-1.7752779888181685,-0.027286323998365926,1.8089342529971897,0.26741842123578136
1754932703.559544,122,152,142.69154955286024,-1.7766769469587345,-0.023388002788613763,1.8093277373524879,0.2640441756337088
1754932703.628385,118,155,141.86123841303953,-1.7751330722171854,-0.020357120267860684,1.807519963969483,0.26250660115949076
1754932703.6578891,116,156,142.3705374305039,-1.7751170293462164,-0.026816060288589322,1.8082464082142253,0.2632765130677058
1754932703.729832,112,158,142.33283920415525,-1.773658119844863,-0.023563521284614624,1.809171291597788,0.2644998948593251
1754932703.756566,110,160,142.10795926458377,-1.7765720438663217,-0.0214118887841419,1.8072822994990925,0.26090802523389334
1754932703.829799,107,162,141.7988917778956,-1.7750570474370788,-0.027669043992153516,1.8111830969136362,0.26149321400897535
1754932703.856006,106,164,141.8851326075681,-1.772747804325213,-0.021952886169356322,1.8122980736452396,0.25768355386145547
1754932703.927229,103,166,142.1968009280392,-1.7747321032512524,-0.024278811403203985,1.807242225613622,0.2648783186269333
1754932703.95508,102,168,142.09107303223976,-1.777387866987817,-0.026552748119635896,1.8077290447621346,0.2654824059478932
1754932704.026998,100,171,141.82555092031257,-1.7780648485697068,-0.025076010930044874,1.80677880719155,0.2671794667395093
1754932704.053675,99,172,141.2946872986769,-1.7775222834282176,-0.020106861714152525,1.80861235698404,0.25479829436938933
1754932704.087617,98,173,140.66313574093658,-1.7843617811924677,-0.016415250322322005,1.811010290613013,0.23922535316157947
1754932704.1580968,97,176,141.97513806729938,-1.7828478112794939,-0.016040633679607123,1.8104122449938809,0.24273702670306518
1754932704.188242,97,178,142.7995244320811,-1.786704354200007,-0.008667641700103734,1.8083509889237788,0.24209948688168917
1754932704.25515,96,181,142.74551729364268,-1.7790839420453914,-0.007496728370315369,1.8089982611180175,0.25571345456544875
1754932704.286485,96,182,142.2820501027288,-1.7757892807100473,-0.010611897440207895,1.8079069952438482,0.2603901705226702
1754932704.355658,96,186,142.52960120927779,-1.7790048973319295,-0.01012334047488197,1.8043647109574092,0.25629516220078197
1754932704.3856819,96,187,142.73406629581984,-1.7816277269014023,-0.011764649017724395,1.807265230727416,0.25893498369078904
1754932704.453755,96,190,142.537627017614,-1.7789630630360587,-0.013878572406864251,1.8080939805047227,0.25837489352105014
1754932704.483009,96,192,141.68487221636343,-1.77741568023279,-0.02386056148522965,1.8066683514691249,0.2631074983202778
1754932704.552047,97,195,142.98672207623312,-1.7812988587336782,-0.019397160776377834,1.804175022318852,0.26139435738420597
1754932704.58532,98,197,142.87775774928164,-1.7829729733920017,-0.016744350290929872,1.8059656746650903,0.25055209352651053
1754932704.652579,100,200,142.58843497198237,-1.7845177024955432,-0.0203489145614079,1.805607808195381,0.2506361256767067
1754932704.680863,101,202,142.23481237563348,-1.781547009233888,-0.02033130293119239,1.8075843559185134,0.2533781517847785
1754932704.714321,102,203,143.10132421066044,-1.7814582644015462,-0.015405317765762898,1.8060360689319839,0.25517344476793064
1754932704.787071,104,207,142.6272566999735,-1.7843828173748093,-0.010257429076738088,1.805545964653924,0.2506557470418776
1754932704.81347,105,208,141.8643765349088,-1.7789706627210504,-0.019938727612718858,1.804677681129356,0.2604600581982998
1754932704.884286,108,212,143.31385612026435,-1.7811981527503562,-0.018638094860318134,1.8045228427131565,0.2593184533597184
1754932704.912145,110,213,143.07138807883962,-1.7819121706219296,-0.0116193667961448,1.8045011369920667,0.25356864783956146
1754932704.984191,113,217,142.30009440375838,-1.781112409691422,-0.013723282147145672,1.8063020295309125,0.2578215110894715
1754932705.011244,115,218,142.50208536044818,-1.7826331767572905,-0.015279278886011556,1.80479687487485,0.25449335338913764
1754932705.081996,119,222,142.41548505917888,-1.7796598141034012,-0.00991395328751206,1.8054069174629896,0.25739958594512324
1754932705.1097002,121,224,141.3102397662382,-1.7799167636145998,-0.022382262078885586,1.8058493423505915,0.2623729422271979
1754932705.181841,126,227,141.99688416155897,-1.780986513373014,-0.02143945262316825,1.8055318027106704,0.2556541303011781
1754932705.209549,128,229,143.0639843324086,-1.780935697495065,-0.015070824271113612,1.80420286147704,0.25985907693011645
1754932705.27911,133,232,142.62982402462632,-1.7846136510371315,-0.019118232648452867,1.8059740693523387,0.2564387265629305
1754932705.309321,136,234,142.24792513188947,-1.78107629226284,-0.02293590754187666,1.8046024469651791,0.26215399757589225
1754932705.342488,138,236,143.04796850268556,-1.7817004815736772,-0.01701741939867221,1.8042680100455364,0.2564031518881441
1754932705.414256,144,239,142.967624342306,-1.7797092211169776,-0.019530218798757815,1.8073058593611095,0.2542030308282596
1754932705.440407,147,241,142.55577396285315,-1.7812217636090346,-0.02440921085124158,1.8072864908329842,0.258835951834249
1754932705.5114508,153,245,142.4906507191065,-1.779157716557726,-0.024847775052126608,1.8062754521802433,0.2582741019534211
1754932705.539209,156,246,142.59887620125173,-1.7791630959710376,-0.02790885925919695,1.8038329288368289,0.26271388924683886
1754932705.6113338,163,250,142.58184144786964,-1.7801710860836655,-0.017233293855530497,1.804693081915429,0.2584332097924472
1754932705.638432,166,251,142.91898588002405,-1.7796483613697929,-0.02997593760740233,1.8044434183190377,0.2665843383505741
1754932705.703392,173,255,142.76958666298236,-1.7794447683109307,-0.018486416359652938,1.8068066723384262,0.25744274823517865
1754932705.737012,176,257,142.3333954789797,-1.7795199407092925,-0.019152522820996054,1.8032444171931719,0.262869836196059
1754932705.802366,183,260,142.34504096641052,-1.7811041562949703,-0.017163552853204138,1.8039283740752927,0.2572088472201653
1754932705.8362398,187,262,142.1806801737821,-1.7818294443043183,-0.02483740531885373,1.8043951892651096,0.26891910050109724
1754932705.900846,195,265,142.70532878846345,-1.780386353563522,-0.02562639389218742,1.8036150575159684,0.2664086712670761
1754932705.935062,199,267,142.97050282077024,-1.7788217912273672,-0.02235209863615855,1.805672812636099,0.2645640617712859
1754932705.968414,203,269,141.50781396672502,-1.7786047127522349,-0.02083966372604244,1.8043438616902339,0.262937510420537
1754932706.0339258,211,272,142.9641435526147,-1.7791010749599567,-0.02769057793705106,1.8061754567145571,0.26597301291912134
1754932706.0673878,215,274,141.59635045331265,-1.7782598790794029,-0.026806877141377573,1.802832982051796,0.2625429710202234
1754932706.1358342,223,277,142.99835115085074,-1.778184635826398,-0.021351642978792666,1.8035163240992003,0.26420818159612414
1754932706.1679292,227,279,142.5875821600195,-1.7790080666041854,-0.02046960641553608,1.8041903284299694,0.26583235283892054
1754932706.237686,236,282,142.74739786621623,-1.780837731815477,-0.015158037605351468,1.8041610459470556,0.2619658921091449
1754932706.2650769,240,283,141.57885693553283,-1.7808048335965665,-0.02688796757935645,1.8030292853696253,0.2630605985485379
1754932706.336694,249,287,143.3860766298891,-1.7801160594145051,-0.01797644780879256,1.803690044320356,0.26561339238557696
1754932706.363847,253,288,141.75031341213779,-1.7800762726522112,-0.028019120833984227,1.8043771261495694,0.2618068971298677
1754932706.43418,262,291,141.803748455726,-1.776665567546552,-0.021637433386328498,1.809466718105072,0.2601963501770714
1754932706.462771,267,293,142.18906654281227,-1.779948223118059,-0.03626873371641452,1.8040329002904603,0.27748218090004517
1754932706.5338519,276,296,142.33803943336574,-1.7781284606227619,-0.031002170982366614,1.8012583424829172,0.276582593897763
1754932706.561353,280,298,142.98782555624058,-1.7776473974172542,-0.02615073338845728,1.805798253843616,0.27254804448718
1754932706.597366,285,299,141.6754749174198,-1.7787955076141084,-0.03318307940745113,1.805553750092806,0.26466411927814226
1754932706.665948,294,302,142.01041488724545,-1.776821395913418,-0.030026352452629218,1.8070860883355937,0.27200454514920486
1754932706.6959271,299,304,142.47256320610532,-1.777377896741621,-0.028930752457174393,1.8077689273166664,0.2678082066745743
1754932706.7634492,308,307,141.82808128623464,-1.779817824122249,-0.02798791204721938,1.8007746909690046,0.2740899431373843
1754932706.794614,313,308,141.53636784689428,-1.7744205631058805,-0.03366080233195511,1.8058841339992062,0.2716016755334644
1754932706.864362,322,311,142.13252854662028,-1.7731170955427586,-0.04178732523002228,1.8048430988176518,0.278107610689191
